pais,continente,anio,esperanza_de_vida,poblacion,pib_per_capita
Afganistán,Asia,1952,28.801,8425333,779.4453145
Afganistán,Asia,1957,30.332,9240934,820.8530296
Afganistán,Asia,1962,31.997,10267083,853.10071
Afganistán,Asia,1967,34.02,11537966,836.1971382
Afganistán,Asia,1972,36.088,13079460,739.9811058
Afganistán,Asia,1977,38.438,14880372,786.11336
Afganistán,Asia,1982,39.854,12881816,978.0114388
Afganistán,Asia,1987,40.822,13867957,852.3959448
Afganistán,Asia,1992,41.674,16317921,649.3413952
Afganistán,Asia,1997,41.763,22227415,635.341351
Afganistán,Asia,2002,42.129,25268405,726.7340548
Afganistán,Asia,2007,43.828,31889923,974.5803384
Albania,Europa,1952,55.23,1282697,1601.056136
Albania,Europa,1957,59.28,1476505,1942.284244
Albania,Europa,1962,64.82,1728137,2312.888958
Albania,Europa,1967,66.22,1984060,2760.196931
Albania,Europa,1972,67.69,2263554,3313.422188
Albania,Europa,1977,68.93,2509048,3533.00391
Albania,Europa,1982,70.42,2780097,3630.880722
Albania,Europa,1987,72,3075321,3738.932735
Albania,Europa,1992,71.581,3326498,2497.437901
Albania,Europa,1997,72.95,3428038,3193.054604
Albania,Europa,2002,75.651,3508512,4604.211737
Albania,Europa,2007,76.423,3600523,5937.029526
Argelia,África,1952,43.077,9279525,2449.008185
Argelia,África,1957,45.685,10270856,3013.976023
Argelia,África,1962,48.303,11000948,2550.81688
Argelia,África,1967,51.407,12760499,3246.991771
Argelia,África,1972,54.518,14760787,4182.663766
Argelia,África,1977,58.014,17152804,4910.416756
Argelia,África,1982,61.368,20033753,5745.160213
Argelia,África,1987,65.799,23254956,5681.358539
Argelia,África,1992,67.744,26298373,5023.216647
Argelia,África,1997,69.152,29072015,4797.295051
Argelia,África,2002,70.994,31287142,5288.040382
Argelia,África,2007,72.301,33333216,6223.367465
Angola,África,1952,30.015,4232095,3520.610273
Angola,África,1957,31.999,4561361,3827.940465
Angola,África,1962,34,4826015,4269.276742
Angola,África,1967,35.985,5247469,5522.776375
Angola,África,1972,37.928,5894858,5473.288005
Angola,África,1977,39.483,6162675,3008.647355
Angola,África,1982,39.942,7016384,2756.953672
Angola,África,1987,39.906,7874230,2430.208311
Angola,África,1992,40.647,8735988,2627.845685
Angola,África,1997,40.963,9875024,2277.140884
Angola,África,2002,41.003,10866106,2773.287312
Angola,África,2007,42.731,12420476,4797.231267
Argentina,Américas,1952,62.485,17876956,5911.315053
Argentina,Américas,1957,64.399,19610538,6856.856212
Argentina,Américas,1962,65.142,21283783,7133.166023
Argentina,Américas,1967,65.634,22934225,8052.953021
Argentina,Américas,1972,67.065,24779799,9443.038526
Argentina,Américas,1977,68.481,26983828,10079.02674
Argentina,Américas,1982,69.942,29341374,8997.897412
Argentina,Américas,1987,70.774,31620918,9139.671389
Argentina,Américas,1992,71.868,33958947,9308.41871
Argentina,Américas,1997,73.275,36203463,10967.28195
Argentina,Américas,2002,74.34,38331121,8797.640716
Argentina,Américas,2007,75.32,40301927,12779.37964
Australia,Oceanía,1952,69.12,8691212,10039.59564
Australia,Oceanía,1957,70.33,9712569,10949.64959
Australia,Oceanía,1962,70.93,10794968,12217.22686
Australia,Oceanía,1967,71.1,11872264,14526.12465
Australia,Oceanía,1972,71.93,13177000,16788.62948
Australia,Oceanía,1977,73.49,14074100,18334.19751
Australia,Oceanía,1982,74.74,15184200,19477.00928
Australia,Oceanía,1987,76.32,16257249,21888.88903
Australia,Oceanía,1992,77.56,17481977,23424.76683
Australia,Oceanía,1997,78.83,18565243,26997.93657
Australia,Oceanía,2002,80.37,19546792,30687.75473
Australia,Oceanía,2007,81.235,20434176,34435.36744
Austria,Europa,1952,66.8,6927772,6137.076492
Austria,Europa,1957,67.48,6965860,8842.59803
Austria,Europa,1962,69.54,7129864,10750.72111
Austria,Europa,1967,70.14,7376998,12834.6024
Austria,Europa,1972,70.63,7544201,16661.6256
Austria,Europa,1977,72.17,7568430,19749.4223
Austria,Europa,1982,73.18,7574613,21597.08362
Austria,Europa,1987,74.94,7578903,23687.82607
Austria,Europa,1992,76.04,7914969,27042.01868
Austria,Europa,1997,77.51,8069876,29095.92066
Austria,Europa,2002,78.98,8148312,32417.60769
Austria,Europa,2007,79.829,8199783,36126.4927
Baréin,Asia,1952,50.939,120447,9867.084765
Baréin,Asia,1957,53.832,138655,11635.79945
Baréin,Asia,1962,56.923,171863,12753.27514
Baréin,Asia,1967,59.923,202182,14804.6727
Baréin,Asia,1972,63.3,230800,18268.65839
Baréin,Asia,1977,65.593,297410,19340.10196
Baréin,Asia,1982,69.052,377967,19211.14731
Baréin,Asia,1987,70.75,454612,18524.02406
Baréin,Asia,1992,72.601,529491,19035.57917
Baréin,Asia,1997,73.925,598561,20292.01679
Baréin,Asia,2002,74.795,656397,23403.55927
Baréin,Asia,2007,75.635,708573,29796.04834
Bangladesh,Asia,1952,37.484,46886859,684.2441716
Bangladesh,Asia,1957,39.348,51365468,661.6374577
Bangladesh,Asia,1962,41.216,56839289,686.3415538
Bangladesh,Asia,1967,43.453,62821884,721.1860862
Bangladesh,Asia,1972,45.252,70759295,630.2336265
Bangladesh,Asia,1977,46.923,80428306,659.8772322
Bangladesh,Asia,1982,50.009,93074406,676.9818656
Bangladesh,Asia,1987,52.819,103764241,751.9794035
Bangladesh,Asia,1992,56.018,113704579,837.8101643
Bangladesh,Asia,1997,59.412,123315288,972.7700352
Bangladesh,Asia,2002,62.013,135656790,1136.39043
Bangladesh,Asia,2007,64.062,150448339,1391.253792
Bélgica,Europa,1952,68,8730405,8343.105127
Bélgica,Europa,1957,69.24,8989111,9714.960623
Bélgica,Europa,1962,70.25,9218400,10991.20676
Bélgica,Europa,1967,70.94,9556500,13149.04119
Bélgica,Europa,1972,71.44,9709100,16672.14356
Bélgica,Europa,1977,72.8,9821800,19117.97448
Bélgica,Europa,1982,73.93,9856303,20979.84589
Bélgica,Europa,1987,75.35,9870200,22525.56308
Bélgica,Europa,1992,76.46,10045622,25575.57069
Bélgica,Europa,1997,77.53,10199787,27561.19663
Bélgica,Europa,2002,78.32,10311970,30485.88375
Bélgica,Europa,2007,79.441,10392226,33692.60508
Benin,África,1952,38.223,1738315,1062.7522
Benin,África,1957,40.358,1925173,959.6010805
Benin,África,1962,42.618,2151895,949.4990641
Benin,África,1967,44.885,2427334,1035.831411
Benin,África,1972,47.014,2761407,1085.796879
Benin,África,1977,49.19,3168267,1029.161251
Benin,África,1982,50.904,3641603,1277.897616
Benin,África,1987,52.337,4243788,1225.85601
Benin,África,1992,53.919,4981671,1191.207681
Benin,África,1997,54.777,6066080,1232.975292
Benin,África,2002,54.406,7026113,1372.877931
Benin,África,2007,56.728,8078314,1441.284873
Bolivia,Américas,1952,40.414,2883315,2677.326347
Bolivia,Américas,1957,41.89,3211738,2127.686326
Bolivia,Américas,1962,43.428,3593918,2180.972546
Bolivia,Américas,1967,45.032,4040665,2586.886053
Bolivia,Américas,1972,46.714,4565872,2980.331339
Bolivia,Américas,1977,50.023,5079716,3548.097832
Bolivia,Américas,1982,53.859,5642224,3156.510452
Bolivia,Américas,1987,57.251,6156369,2753.69149
Bolivia,Américas,1992,59.957,6893451,2961.699694
Bolivia,Américas,1997,62.05,7693188,3326.143191
Bolivia,Américas,2002,63.883,8445134,3413.26269
Bolivia,Américas,2007,65.554,9119152,3822.137084
Bosnia y Herzegovina,Europa,1952,53.82,2791000,973.5331948
Bosnia y Herzegovina,Europa,1957,58.45,3076000,1353.989176
Bosnia y Herzegovina,Europa,1962,61.93,3349000,1709.683679
Bosnia y Herzegovina,Europa,1967,64.79,3585000,2172.352423
Bosnia y Herzegovina,Europa,1972,67.45,3819000,2860.16975
Bosnia y Herzegovina,Europa,1977,69.86,4086000,3528.481305
Bosnia y Herzegovina,Europa,1982,70.69,4172693,4126.613157
Bosnia y Herzegovina,Europa,1987,71.14,4338977,4314.114757
Bosnia y Herzegovina,Europa,1992,72.178,4256013,2546.781445
Bosnia y Herzegovina,Europa,1997,73.244,3607000,4766.355904
Bosnia y Herzegovina,Europa,2002,74.09,4165416,6018.975239
Bosnia y Herzegovina,Europa,2007,74.852,4552198,7446.298803
Botswana,África,1952,47.622,442308,851.2411407
Botswana,África,1957,49.618,474639,918.2325349
Botswana,África,1962,51.52,512764,983.6539764
Botswana,África,1967,53.298,553541,1214.709294
Botswana,África,1972,56.024,619351,2263.611114
Botswana,África,1977,59.319,781472,3214.857818
Botswana,África,1982,61.484,970347,4551.14215
Botswana,África,1987,63.622,1151184,6205.88385
Botswana,África,1992,62.745,1342614,7954.111645
Botswana,África,1997,52.556,1536536,8647.142313
Botswana,África,2002,46.634,1630347,11003.60508
Botswana,África,2007,50.728,1639131,12569.85177
Brasil,Américas,1952,50.917,56602560,2108.944355
Brasil,Américas,1957,53.285,65551171,2487.365989
Brasil,Américas,1962,55.665,76039390,3336.585802
Brasil,Américas,1967,57.632,88049823,3429.864357
Brasil,Américas,1972,59.504,100840058,4985.711467
Brasil,Américas,1977,61.489,114313951,6660.118654
Brasil,Américas,1982,63.336,128962939,7030.835878
Brasil,Américas,1987,65.205,142938076,7807.095818
Brasil,Américas,1992,67.057,155975974,6950.283021
Brasil,Américas,1997,69.388,168546719,7957.980824
Brasil,Américas,2002,71.006,179914212,8131.212843
Brasil,Américas,2007,72.39,190010647,9065.800825
Bulgaria,Europa,1952,59.6,7274900,2444.286648
Bulgaria,Europa,1957,66.61,7651254,3008.670727
Bulgaria,Europa,1962,69.51,8012946,4254.337839
Bulgaria,Europa,1967,70.42,8310226,5577.0028
Bulgaria,Europa,1972,70.9,8576200,6597.494398
Bulgaria,Europa,1977,70.81,8797022,7612.240438
Bulgaria,Europa,1982,71.08,8892098,8224.191647
Bulgaria,Europa,1987,71.34,8971958,8239.854824
Bulgaria,Europa,1992,71.19,8658506,6302.623438
Bulgaria,Europa,1997,70.32,8066057,5970.38876
Bulgaria,Europa,2002,72.14,7661799,7696.777725
Bulgaria,Europa,2007,73.005,7322858,10680.79282
Burkina Faso,África,1952,31.975,4469979,543.2552413
Burkina Faso,África,1957,34.906,4713416,617.1834648
Burkina Faso,África,1962,37.814,4919632,722.5120206
Burkina Faso,África,1967,40.697,5127935,794.8265597
Burkina Faso,África,1972,43.591,5433886,854.7359763
Burkina Faso,África,1977,46.137,5889574,743.3870368
Burkina Faso,África,1982,48.122,6634596,807.1985855
Burkina Faso,África,1987,49.557,7586551,912.0631417
Burkina Faso,África,1992,50.26,8878303,931.7527731
Burkina Faso,África,1997,50.324,10352843,946.2949618
Burkina Faso,África,2002,50.65,12251209,1037.645221
Burkina Faso,África,2007,52.295,14326203,1217.032994
Burundi,África,1952,39.031,2445618,339.2964587
Burundi,África,1957,40.533,2667518,379.5646281
Burundi,África,1962,42.045,2961915,355.2032273
Burundi,África,1967,43.548,3330989,412.9775136
Burundi,África,1972,44.057,3529983,464.0995039
Burundi,África,1977,45.91,3834415,556.1032651
Burundi,África,1982,47.471,4580410,559.603231
Burundi,África,1987,48.211,5126023,621.8188189
Burundi,África,1992,44.736,5809236,631.6998778
Burundi,África,1997,45.326,6121610,463.1151478
Burundi,África,2002,47.36,7021078,446.4035126
Burundi,África,2007,49.58,8390505,430.0706916
Camboya,Asia,1952,39.417,4693836,368.4692856
Camboya,Asia,1957,41.366,5322536,434.0383364
Camboya,Asia,1962,43.415,6083619,496.9136476
Camboya,Asia,1967,45.415,6960067,523.4323142
Camboya,Asia,1972,40.317,7450606,421.6240257
Camboya,Asia,1977,31.22,6978607,524.9721832
Camboya,Asia,1982,50.957,7272485,624.4754784
Camboya,Asia,1987,53.914,8371791,683.8955732
Camboya,Asia,1992,55.803,10150094,682.3031755
Camboya,Asia,1997,56.534,11782962,734.28517
Camboya,Asia,2002,56.752,12926707,896.2260153
Camboya,Asia,2007,59.723,14131858,1713.778686
Camerún,África,1952,38.523,5009067,1172.667655
Camerún,África,1957,40.428,5359923,1313.048099
Camerún,África,1962,42.643,5793633,1399.607441
Camerún,África,1967,44.799,6335506,1508.453148
Camerún,África,1972,47.049,7021028,1684.146528
Camerún,África,1977,49.355,7959865,1783.432873
Camerún,África,1982,52.961,9250831,2367.983282
Camerún,África,1987,54.985,10780667,2602.664206
Camerún,África,1992,54.314,12467171,1793.163278
Camerún,África,1997,52.199,14195809,1694.337469
Camerún,África,2002,49.856,15929988,1934.011449
Camerún,África,2007,50.43,17696293,2042.09524
Canadá,Américas,1952,68.75,14785584,11367.16112
Canadá,Américas,1957,69.96,17010154,12489.95006
Canadá,Américas,1962,71.3,18985849,13462.48555
Canadá,Américas,1967,72.13,20819767,16076.58803
Canadá,Américas,1972,72.88,22284500,18970.57086
Canadá,Américas,1977,74.21,23796400,22090.88306
Canadá,Américas,1982,75.76,25201900,22898.79214
Canadá,Américas,1987,76.86,26549700,26626.51503
Canadá,Américas,1992,77.95,28523502,26342.88426
Canadá,Américas,1997,78.61,30305843,28954.92589
Canadá,Américas,2002,79.77,31902268,33328.96507
Canadá,Américas,2007,80.653,33390141,36319.23501
República Centroafricana,África,1952,35.463,1291695,1071.310713
República Centroafricana,África,1957,37.464,1392284,1190.844328
República Centroafricana,África,1962,39.475,1523478,1193.068753
República Centroafricana,África,1967,41.478,1733638,1136.056615
República Centroafricana,África,1972,43.457,1927260,1070.013275
República Centroafricana,África,1977,46.775,2167533,1109.374338
República Centroafricana,África,1982,48.295,2476971,956.7529907
República Centroafricana,África,1987,50.485,2840009,844.8763504
República Centroafricana,África,1992,49.396,3265124,747.9055252
República Centroafricana,África,1997,46.066,3696513,740.5063317
República Centroafricana,África,2002,43.308,4048013,738.6906068
República Centroafricana,África,2007,44.741,4369038,706.016537
Chad,África,1952,38.092,2682462,1178.665927
Chad,África,1957,39.881,2894855,1308.495577
Chad,África,1962,41.716,3150417,1389.817618
Chad,África,1967,43.601,3495967,1196.810565
Chad,África,1972,45.569,3899068,1104.103987
Chad,África,1977,47.383,4388260,1133.98495
Chad,África,1982,49.517,4875118,797.9081006
Chad,África,1987,51.051,5498955,952.386129
Chad,África,1992,51.724,6429417,1058.0643
Chad,África,1997,51.573,7562011,1004.961353
Chad,África,2002,50.525,8835739,1156.18186
Chad,África,2007,50.651,10238807,1704.063724
Chile,Américas,1952,54.745,6377619,3939.978789
Chile,Américas,1957,56.074,7048426,4315.622723
Chile,Américas,1962,57.924,7961258,4519.094331
Chile,Américas,1967,60.523,8858908,5106.654313
Chile,Américas,1972,63.441,9717524,5494.024437
Chile,Américas,1977,67.052,10599793,4756.763836
Chile,Américas,1982,70.565,11487112,5095.665738
Chile,Américas,1987,72.492,12463354,5547.063754
Chile,Américas,1992,74.126,13572994,7596.125964
Chile,Américas,1997,75.816,14599929,10118.05318
Chile,Américas,2002,77.86,15497046,10778.78385
Chile,Américas,2007,78.553,16284741,13171.63885
China,Asia,1952,44,556263527,400.448611
China,Asia,1957,50.54896,637408000,575.9870009
China,Asia,1962,44.50136,665770000,487.6740183
China,Asia,1967,58.38112,754550000,612.7056934
China,Asia,1972,63.11888,862030000,676.9000921
China,Asia,1977,63.96736,943455000,741.2374699
China,Asia,1982,65.525,1000281000,962.4213805
China,Asia,1987,67.274,1084035000,1378.904018
China,Asia,1992,68.69,1164970000,1655.784158
China,Asia,1997,70.426,1230075000,2289.234136
China,Asia,2002,72.028,1280400000,3119.280896
China,Asia,2007,72.961,1318683096,4959.114854
Colombia,Américas,1952,50.643,12350771,2144.115096
Colombia,Américas,1957,55.118,14485993,2323.805581
Colombia,Américas,1962,57.863,17009885,2492.351109
Colombia,Américas,1967,59.963,19764027,2678.729839
Colombia,Américas,1972,61.623,22542890,3264.660041
Colombia,Américas,1977,63.837,25094412,3815.80787
Colombia,Américas,1982,66.653,27764644,4397.575659
Colombia,Américas,1987,67.768,30964245,4903.2191
Colombia,Américas,1992,68.421,34202721,5444.648617
Colombia,Américas,1997,70.313,37657830,6117.361746
Colombia,Américas,2002,71.682,41008227,5755.259962
Colombia,Américas,2007,72.889,44227550,7006.580419
Comoras,África,1952,40.715,153936,1102.990936
Comoras,África,1957,42.46,170928,1211.148548
Comoras,África,1962,44.467,191689,1406.648278
Comoras,África,1967,46.472,217378,1876.029643
Comoras,África,1972,48.944,250027,1937.577675
Comoras,África,1977,50.939,304739,1172.603047
Comoras,África,1982,52.933,348643,1267.100083
Comoras,África,1987,54.926,395114,1315.980812
Comoras,África,1992,57.939,454429,1246.90737
Comoras,África,1997,60.66,527982,1173.618235
Comoras,África,2002,62.974,614382,1075.811558
Comoras,África,2007,65.152,710960,986.1478792
República Democrática del Congo,África,1952,39.143,14100005,780.5423257
República Democrática del Congo,África,1957,40.652,15577932,905.8602303
República Democrática del Congo,África,1962,42.122,17486434,896.3146335
República Democrática del Congo,África,1967,44.056,19941073,861.5932424
República Democrática del Congo,África,1972,45.989,23007669,904.8960685
República Democrática del Congo,África,1977,47.804,26480870,795.757282
República Democrática del Congo,África,1982,47.784,30646495,673.7478181
República Democrática del Congo,África,1987,47.412,35481645,672.774812
República Democrática del Congo,África,1992,45.548,41672143,457.7191807
República Democrática del Congo,África,1997,42.587,47798986,312.188423
República Democrática del Congo,África,2002,44.966,55379852,241.1658765
República Democrática del Congo,África,2007,46.462,64606759,277.5518587
Congo,África,1952,42.111,854885,2125.621418
Congo,África,1957,45.053,940458,2315.056572
Congo,África,1962,48.435,1047924,2464.783157
Congo,África,1967,52.04,1179760,2677.939642
Congo,África,1972,54.907,1340458,3213.152683
Congo,África,1977,55.625,1536769,3259.178978
Congo,África,1982,56.695,1774735,4879.507522
Congo,África,1987,57.47,2064095,4201.194937
Congo,África,1992,56.433,2409073,4016.239529
Congo,África,1997,52.962,2800947,3484.164376
Congo,África,2002,52.97,3328795,3484.06197
Congo,África,2007,55.322,3800610,3632.557798
Costa Rica,Américas,1952,57.206,926317,2627.009471
Costa Rica,Américas,1957,60.026,1112300,2990.010802
Costa Rica,Américas,1962,62.842,1345187,3460.937025
Costa Rica,Américas,1967,65.424,1588717,4161.727834
Costa Rica,Américas,1972,67.849,1834796,5118.146939
Costa Rica,Américas,1977,70.75,2108457,5926.876967
Costa Rica,Américas,1982,73.45,2424367,5262.734751
Costa Rica,Américas,1987,74.752,2799811,5629.915318
Costa Rica,Américas,1992,75.713,3173216,6160.416317
Costa Rica,Américas,1997,77.26,3518107,6677.045314
Costa Rica,Américas,2002,78.123,3834934,7723.447195
Costa Rica,Américas,2007,78.782,4133884,9645.06142
Costa de Marfil,África,1952,40.477,2977019,1388.594732
Costa de Marfil,África,1957,42.469,3300000,1500.895925
Costa de Marfil,África,1962,44.93,3832408,1728.869428
Costa de Marfil,África,1967,47.35,4744870,2052.050473
Costa de Marfil,África,1972,49.801,6071696,2378.201111
Costa de Marfil,África,1977,52.374,7459574,2517.736547
Costa de Marfil,África,1982,53.983,9025951,2602.710169
Costa de Marfil,África,1987,54.655,10761098,2156.956069
Costa de Marfil,África,1992,52.044,12772596,1648.073791
Costa de Marfil,África,1997,47.991,14625967,1786.265407
Costa de Marfil,África,2002,46.832,16252726,1648.800823
Costa de Marfil,África,2007,48.328,18013409,1544.750112
Croacia,Europa,1952,61.21,3882229,3119.23652
Croacia,Europa,1957,64.77,3991242,4338.231617
Croacia,Europa,1962,67.13,4076557,5477.890018
Croacia,Europa,1967,68.5,4174366,6960.297861
Croacia,Europa,1972,69.61,4225310,9164.090127
Croacia,Europa,1977,70.64,4318673,11305.38517
Croacia,Europa,1982,70.46,4413368,13221.82184
Croacia,Europa,1987,71.52,4484310,13822.58394
Croacia,Europa,1992,72.527,4494013,8447.794873
Croacia,Europa,1997,73.68,4444595,9875.604515
Croacia,Europa,2002,74.876,4481020,11628.38895
Croacia,Europa,2007,75.748,4493312,14619.22272
Cuba,Américas,1952,59.421,6007797,5586.53878
Cuba,Américas,1957,62.325,6640752,6092.174359
Cuba,Américas,1962,65.246,7254373,5180.75591
Cuba,Américas,1967,68.29,8139332,5690.268015
Cuba,Américas,1972,70.723,8831348,5305.445256
Cuba,Américas,1977,72.649,9537988,6380.494966
Cuba,Américas,1982,73.717,9789224,7316.918107
Cuba,Américas,1987,74.174,10239839,7532.924763
Cuba,Américas,1992,74.414,10723260,5592.843963
Cuba,Américas,1997,76.151,10983007,5431.990415
Cuba,Américas,2002,77.158,11226999,6340.646683
Cuba,Américas,2007,78.273,11416987,8948.102923
República Checa,Europa,1952,66.87,9125183,6876.14025
República Checa,Europa,1957,69.03,9513758,8256.343918
República Checa,Europa,1962,69.9,9620282,10136.86713
República Checa,Europa,1967,70.38,9835109,11399.44489
República Checa,Europa,1972,70.29,9862158,13108.4536
República Checa,Europa,1977,70.71,10161915,14800.16062
República Checa,Europa,1982,70.96,10303704,15377.22855
República Checa,Europa,1987,71.58,10311597,16310.4434
República Checa,Europa,1992,72.4,10315702,14297.02122
República Checa,Europa,1997,74.01,10300707,16048.51424
República Checa,Europa,2002,75.51,10256295,17596.21022
República Checa,Europa,2007,76.486,10228744,22833.30851
Dinamarca,Europa,1952,70.78,4334000,9692.385245
Dinamarca,Europa,1957,71.81,4487831,11099.65935
Dinamarca,Europa,1962,72.35,4646899,13583.31351
Dinamarca,Europa,1967,72.96,4838800,15937.21123
Dinamarca,Europa,1972,73.47,4991596,18866.20721
Dinamarca,Europa,1977,74.69,5088419,20422.9015
Dinamarca,Europa,1982,74.63,5117810,21688.04048
Dinamarca,Europa,1987,74.8,5127024,25116.17581
Dinamarca,Europa,1992,75.33,5171393,26406.73985
Dinamarca,Europa,1997,76.11,5283663,29804.34567
Dinamarca,Europa,2002,77.18,5374693,32166.50006
Dinamarca,Europa,2007,78.332,5468120,35278.41874
Yibuti,África,1952,34.812,63149,2669.529475
Yibuti,África,1957,37.328,71851,2864.969076
Yibuti,África,1962,39.693,89898,3020.989263
Yibuti,África,1967,42.074,127617,3020.050513
Yibuti,África,1972,44.366,178848,3694.212352
Yibuti,África,1977,46.519,228694,3081.761022
Yibuti,África,1982,48.812,305991,2879.468067
Yibuti,África,1987,50.04,311025,2880.102568
Yibuti,África,1992,51.604,384156,2377.156192
Yibuti,África,1997,53.157,417908,1895.016984
Yibuti,África,2002,53.373,447416,1908.260867
Yibuti,África,2007,54.791,496374,2082.481567
República Dominicana,Américas,1952,45.928,2491346,1397.717137
República Dominicana,Américas,1957,49.828,2923186,1544.402995
República Dominicana,Américas,1962,53.459,3453434,1662.137359
República Dominicana,Américas,1967,56.751,4049146,1653.723003
República Dominicana,Américas,1972,59.631,4671329,2189.874499
República Dominicana,Américas,1977,61.788,5302800,2681.9889
República Dominicana,Américas,1982,63.727,5968349,2861.092386
República Dominicana,Américas,1987,66.046,6655297,2899.842175
República Dominicana,Américas,1992,68.457,7351181,3044.214214
República Dominicana,Américas,1997,69.957,7992357,3614.101285
República Dominicana,Américas,2002,70.847,8650322,4563.808154
República Dominicana,Américas,2007,72.235,9319622,6025.374752
Ecuador,Américas,1952,48.357,3548753,3522.110717
Ecuador,Américas,1957,51.356,4058385,3780.546651
Ecuador,Américas,1962,54.64,4681707,4086.114078
Ecuador,Américas,1967,56.678,5432424,4579.074215
Ecuador,Américas,1972,58.796,6298651,5280.99471
Ecuador,Américas,1977,61.31,7278866,6679.62326
Ecuador,Américas,1982,64.342,8365850,7213.791267
Ecuador,Américas,1987,67.231,9545158,6481.776993
Ecuador,Américas,1992,69.613,10748394,7103.702595
Ecuador,Américas,1997,72.312,11911819,7429.455877
Ecuador,Américas,2002,74.173,12921234,5773.044512
Ecuador,Américas,2007,74.994,13755680,6873.262326
Egipto,África,1952,41.893,22223309,1418.822445
Egipto,África,1957,44.444,25009741,1458.915272
Egipto,África,1962,46.992,28173309,1693.335853
Egipto,África,1967,49.293,31681188,1814.880728
Egipto,África,1972,51.137,34807417,2024.008147
Egipto,África,1977,53.319,38783863,2785.493582
Egipto,África,1982,56.006,45681811,3503.729636
Egipto,África,1987,59.797,52799062,3885.46071
Egipto,África,1992,63.674,59402198,3794.755195
Egipto,África,1997,67.217,66134291,4173.181797
Egipto,África,2002,69.806,73312559,4754.604414
Egipto,África,2007,71.338,80264543,5581.180998
El Salvador,Américas,1952,45.262,2042865,3048.3029
El Salvador,Américas,1957,48.57,2355805,3421.523218
El Salvador,Américas,1962,52.307,2747687,3776.803627
El Salvador,Américas,1967,55.855,3232927,4358.595393
El Salvador,Américas,1972,58.207,3790903,4520.246008
El Salvador,Américas,1977,56.696,4282586,5138.922374
El Salvador,Américas,1982,56.604,4474873,4098.344175
El Salvador,Américas,1987,63.154,4842194,4140.442097
El Salvador,Américas,1992,66.798,5274649,4444.2317
El Salvador,Américas,1997,69.535,5783439,5154.825496
El Salvador,Américas,2002,70.734,6353681,5351.568666
El Salvador,Américas,2007,71.878,6939688,5728.353514
Guinea Ecuatorial,África,1952,34.482,216964,375.6431231
Guinea Ecuatorial,África,1957,35.983,232922,426.0964081
Guinea Ecuatorial,África,1962,37.485,249220,582.8419714
Guinea Ecuatorial,África,1967,38.987,259864,915.5960025
Guinea Ecuatorial,África,1972,40.516,277603,672.4122571
Guinea Ecuatorial,África,1977,42.024,192675,958.5668124
Guinea Ecuatorial,África,1982,43.662,285483,927.8253427
Guinea Ecuatorial,África,1987,45.664,341244,966.8968149
Guinea Ecuatorial,África,1992,47.545,387838,1132.055034
Guinea Ecuatorial,África,1997,48.245,439971,2814.480755
Guinea Ecuatorial,África,2002,49.348,495627,7703.4959
Guinea Ecuatorial,África,2007,51.579,551201,12154.08975
Eritrea,África,1952,35.928,1438760,328.9405571
Eritrea,África,1957,38.047,1542611,344.1618859
Eritrea,África,1962,40.158,1666618,380.9958433
Eritrea,África,1967,42.189,1820319,468.7949699
Eritrea,África,1972,44.142,2260187,514.3242082
Eritrea,África,1977,44.535,2512642,505.7538077
Eritrea,África,1982,43.89,2637297,524.8758493
Eritrea,África,1987,46.453,2915959,521.1341333
Eritrea,África,1992,49.991,3668440,582.8585102
Eritrea,África,1997,53.378,4058319,913.47079
Eritrea,África,2002,55.24,4414865,765.3500015
Eritrea,África,2007,58.04,4906585,641.3695236
Etiopía,África,1952,34.078,20860941,362.1462796
Etiopía,África,1957,36.667,22815614,378.9041632
Etiopía,África,1962,40.059,25145372,419.4564161
Etiopía,África,1967,42.115,27860297,516.1186438
Etiopía,África,1972,43.515,30770372,566.2439442
Etiopía,África,1977,44.51,34617799,556.8083834
Etiopía,África,1982,44.916,38111756,577.8607471
Etiopía,África,1987,46.684,42999530,573.7413142
Etiopía,África,1992,48.091,52088559,421.3534653
Etiopía,África,1997,49.402,59861301,515.8894013
Etiopía,África,2002,50.725,67946797,530.0535319
Etiopía,África,2007,52.947,76511887,690.8055759
Finlandia,Europa,1952,66.55,4090500,6424.519071
Finlandia,Europa,1957,67.49,4324000,7545.415386
Finlandia,Europa,1962,68.75,4491443,9371.842561
Finlandia,Europa,1967,69.83,4605744,10921.63626
Finlandia,Europa,1972,70.87,4639657,14358.8759
Finlandia,Europa,1977,72.52,4738902,15605.42283
Finlandia,Europa,1982,74.55,4826933,18533.15761
Finlandia,Europa,1987,74.83,4931729,21141.01223
Finlandia,Europa,1992,75.7,5041039,20647.16499
Finlandia,Europa,1997,77.13,5134406,23723.9502
Finlandia,Europa,2002,78.37,5193039,28204.59057
Finlandia,Europa,2007,79.313,5238460,33207.0844
Francia,Europa,1952,67.41,42459667,7029.809327
Francia,Europa,1957,68.93,44310863,8662.834898
Francia,Europa,1962,70.51,47124000,10560.48553
Francia,Europa,1967,71.55,49569000,12999.91766
Francia,Europa,1972,72.38,51732000,16107.19171
Francia,Europa,1977,73.83,53165019,18292.63514
Francia,Europa,1982,74.89,54433565,20293.89746
Francia,Europa,1987,76.34,55630100,22066.44214
Francia,Europa,1992,77.46,57374179,24703.79615
Francia,Europa,1997,78.64,58623428,25889.78487
Francia,Europa,2002,79.59,59925035,28926.03234
Francia,Europa,2007,80.657,61083916,30470.0167
Gabón,África,1952,37.003,420702,4293.476475
Gabón,África,1957,38.999,434904,4976.198099
Gabón,África,1962,40.489,455661,6631.459222
Gabón,África,1967,44.598,489004,8358.761987
Gabón,África,1972,48.69,537977,11401.94841
Gabón,África,1977,52.79,706367,21745.57328
Gabón,África,1982,56.564,753874,15113.36194
Gabón,África,1987,60.19,880397,11864.40844
Gabón,África,1992,61.366,985739,13522.15752
Gabón,África,1997,60.461,1126189,14722.84188
Gabón,África,2002,56.761,1299304,12521.71392
Gabón,África,2007,56.735,1454867,13206.48452
Gambia,África,1952,30,284320,485.2306591
Gambia,África,1957,32.065,323150,520.9267111
Gambia,África,1962,33.896,374020,599.650276
Gambia,África,1967,35.857,439593,734.7829124
Gambia,África,1972,38.308,517101,756.0868363
Gambia,África,1977,41.842,608274,884.7552507
Gambia,África,1982,45.58,715523,835.8096108
Gambia,África,1987,49.265,848406,611.6588611
Gambia,África,1992,52.644,1025384,665.6244126
Gambia,África,1997,55.861,1235767,653.7301704
Gambia,África,2002,58.041,1457766,660.5855997
Gambia,África,2007,59.448,1688359,752.7497265
Alemania,Europa,1952,67.5,69145952,7144.114393
Alemania,Europa,1957,69.1,71019069,10187.82665
Alemania,Europa,1962,70.3,73739117,12902.46291
Alemania,Europa,1967,70.8,76368453,14745.62561
Alemania,Europa,1972,71,78717088,18016.18027
Alemania,Europa,1977,72.5,78160773,20512.92123
Alemania,Europa,1982,73.8,78335266,22031.53274
Alemania,Europa,1987,74.847,77718298,24639.18566
Alemania,Europa,1992,76.07,80597764,26505.30317
Alemania,Europa,1997,77.34,82011073,27788.88416
Alemania,Europa,2002,78.67,82350671,30035.80198
Alemania,Europa,2007,79.406,82400996,32170.37442
Ghana,África,1952,43.149,5581001,911.2989371
Ghana,África,1957,44.779,6391288,1043.561537
Ghana,África,1962,46.452,7355248,1190.041118
Ghana,África,1967,48.072,8490213,1125.69716
Ghana,África,1972,49.875,9354120,1178.223708
Ghana,África,1977,51.756,10538093,993.2239571
Ghana,África,1982,53.744,11400338,876.032569
Ghana,África,1987,55.729,14168101,847.0061135
Ghana,África,1992,57.501,16278738,925.060154
Ghana,África,1997,58.556,18418288,1005.245812
Ghana,África,2002,58.453,20550751,1111.984578
Ghana,África,2007,60.022,22873338,1327.60891
Grecia,Europa,1952,65.86,7733250,3530.690067
Grecia,Europa,1957,67.86,8096218,4916.299889
Grecia,Europa,1962,69.51,8448233,6017.190733
Grecia,Europa,1967,71,8716441,8513.097016
Grecia,Europa,1972,72.34,8888628,12724.82957
Grecia,Europa,1977,73.68,9308479,14195.52428
Grecia,Europa,1982,75.24,9786480,15268.42089
Grecia,Europa,1987,76.67,9974490,16120.52839
Grecia,Europa,1992,77.03,10325429,17541.49634
Grecia,Europa,1997,77.869,10502372,18747.69814
Grecia,Europa,2002,78.256,10603863,22514.2548
Grecia,Europa,2007,79.483,10706290,27538.41188
Guatemala,Américas,1952,42.023,3146381,2428.237769
Guatemala,Américas,1957,44.142,3640876,2617.155967
Guatemala,Américas,1962,46.954,4208858,2750.364446
Guatemala,Américas,1967,50.016,4690773,3242.531147
Guatemala,Américas,1972,53.738,5149581,4031.408271
Guatemala,Américas,1977,56.029,5703430,4879.992748
Guatemala,Américas,1982,58.137,6395630,4820.49479
Guatemala,Américas,1987,60.782,7326406,4246.485974
Guatemala,Américas,1992,63.373,8486949,4439.45084
Guatemala,Américas,1997,66.322,9803875,4684.313807
Guatemala,Américas,2002,68.978,11178650,4858.347495
Guatemala,Américas,2007,70.259,12572928,5186.050003
Guinea,África,1952,33.609,2664249,510.1964923
Guinea,África,1957,34.558,2876726,576.2670245
Guinea,África,1962,35.753,3140003,686.3736739
Guinea,África,1967,37.197,3451418,708.7595409
Guinea,África,1972,38.842,3811387,741.6662307
Guinea,África,1977,40.762,4227026,874.6858643
Guinea,África,1982,42.891,4710497,857.2503577
Guinea,África,1987,45.552,5650262,805.5724718
Guinea,África,1992,48.576,6990574,794.3484384
Guinea,África,1997,51.455,8048834,869.4497668
Guinea,África,2002,53.676,8807818,945.5835837
Guinea,África,2007,56.007,9947814,942.6542111
Guinea Bissau,África,1952,32.5,580653,299.850319
Guinea Bissau,África,1957,33.489,601095,431.7904566
Guinea Bissau,África,1962,34.488,627820,522.0343725
Guinea Bissau,África,1967,35.492,601287,715.5806402
Guinea Bissau,África,1972,36.486,625361,820.2245876
Guinea Bissau,África,1977,37.465,745228,764.7259628
Guinea Bissau,África,1982,39.327,825987,838.1239671
Guinea Bissau,África,1987,41.245,927524,736.4153921
Guinea Bissau,África,1992,43.266,1050938,745.5398706
Guinea Bissau,África,1997,44.873,1193708,796.6644681
Guinea Bissau,África,2002,45.504,1332459,575.7047176
Guinea Bissau,África,2007,46.388,1472041,579.231743
Haití,Américas,1952,37.579,3201488,1840.366939
Haití,Américas,1957,40.696,3507701,1726.887882
Haití,Américas,1962,43.59,3880130,1796.589032
Haití,Américas,1967,46.243,4318137,1452.057666
Haití,Américas,1972,48.042,4698301,1654.456946
Haití,Américas,1977,49.923,4908554,1874.298931
Haití,Américas,1982,51.461,5198399,2011.159549
Haití,Américas,1987,53.636,5756203,1823.015995
Haití,Américas,1992,55.089,6326682,1456.309517
Haití,Américas,1997,56.671,6913545,1341.726931
Haití,Américas,2002,58.137,7607651,1270.364932
Haití,Américas,2007,60.916,8502814,1201.637154
Honduras,Américas,1952,41.912,1517453,2194.926204
Honduras,Américas,1957,44.665,1770390,2220.487682
Honduras,Américas,1962,48.041,2090162,2291.156835
Honduras,Américas,1967,50.924,2500689,2538.269358
Honduras,Américas,1972,53.884,2965146,2529.842345
Honduras,Américas,1977,57.402,3055235,3203.208066
Honduras,Américas,1982,60.909,3669448,3121.760794
Honduras,Américas,1987,64.492,4372203,3023.096699
Honduras,Américas,1992,66.399,5077347,3081.694603
Honduras,Américas,1997,67.659,5867957,3160.454906
Honduras,Américas,2002,68.565,6677328,3099.72866
Honduras,Américas,2007,70.198,7483763,3548.330846
"Hong Kong, China",Asia,1952,60.96,2125900,3054.421209
"Hong Kong, China",Asia,1957,64.75,2736300,3629.076457
"Hong Kong, China",Asia,1962,67.65,3305200,4692.648272
"Hong Kong, China",Asia,1967,70,3722800,6197.962814
"Hong Kong, China",Asia,1972,72,4115700,8315.928145
"Hong Kong, China",Asia,1977,73.6,4583700,11186.14125
"Hong Kong, China",Asia,1982,75.45,5264500,14560.53051
"Hong Kong, China",Asia,1987,76.2,5584510,20038.47269
"Hong Kong, China",Asia,1992,77.601,5829696,24757.60301
"Hong Kong, China",Asia,1997,80,6495918,28377.63219
"Hong Kong, China",Asia,2002,81.495,6762476,30209.01516
"Hong Kong, China",Asia,2007,82.208,6980412,39724.97867
Hungría,Europa,1952,64.03,9504000,5263.673816
Hungría,Europa,1957,66.41,9839000,6040.180011
Hungría,Europa,1962,67.96,10063000,7550.359877
Hungría,Europa,1967,69.5,10223422,9326.64467
Hungría,Europa,1972,69.76,10394091,10168.65611
Hungría,Europa,1977,69.95,10637171,11674.83737
Hungría,Europa,1982,69.39,10705535,12545.99066
Hungría,Europa,1987,69.58,10612740,12986.47998
Hungría,Europa,1992,69.17,10348684,10535.62855
Hungría,Europa,1997,71.04,10244684,11712.7768
Hungría,Europa,2002,72.59,10083313,14843.93556
Hungría,Europa,2007,73.338,9956108,18008.94444
Islandia,Europa,1952,72.49,147962,7267.688428
Islandia,Europa,1957,73.47,165110,9244.001412
Islandia,Europa,1962,73.68,182053,10350.15906
Islandia,Europa,1967,73.73,198676,13319.89568
Islandia,Europa,1972,74.46,209275,15798.06362
Islandia,Europa,1977,76.11,221823,19654.96247
Islandia,Europa,1982,76.99,233997,23269.6075
Islandia,Europa,1987,77.23,244676,26923.20628
Islandia,Europa,1992,78.77,259012,25144.39201
Islandia,Europa,1997,78.95,271192,28061.09966
Islandia,Europa,2002,80.5,288030,31163.20196
Islandia,Europa,2007,81.757,301931,36180.78919
India,Asia,1952,37.373,372000000,546.5657493
India,Asia,1957,40.249,409000000,590.061996
India,Asia,1962,43.605,454000000,658.3471509
India,Asia,1967,47.193,506000000,700.7706107
India,Asia,1972,50.651,567000000,724.032527
India,Asia,1977,54.208,634000000,813.337323
India,Asia,1982,56.596,708000000,855.7235377
India,Asia,1987,58.553,788000000,976.5126756
India,Asia,1992,60.223,872000000,1164.406809
India,Asia,1997,61.765,959000000,1458.817442
India,Asia,2002,62.879,1034172547,1746.769454
India,Asia,2007,64.698,1110396331,2452.210407
Indonesia,Asia,1952,37.468,82052000,749.6816546
Indonesia,Asia,1957,39.918,90124000,858.9002707
Indonesia,Asia,1962,42.518,99028000,849.2897701
Indonesia,Asia,1967,45.964,109343000,762.4317721
Indonesia,Asia,1972,49.203,121282000,1111.107907
Indonesia,Asia,1977,52.702,136725000,1382.702056
Indonesia,Asia,1982,56.159,153343000,1516.872988
Indonesia,Asia,1987,60.137,169276000,1748.356961
Indonesia,Asia,1992,62.681,184816000,2383.140898
Indonesia,Asia,1997,66.041,199278000,3119.335603
Indonesia,Asia,2002,68.588,211060000,2873.91287
Indonesia,Asia,2007,70.65,223547000,3540.651564
Irán,Asia,1952,44.869,17272000,3035.326002
Irán,Asia,1957,47.181,19792000,3290.257643
Irán,Asia,1962,49.325,22874000,4187.329802
Irán,Asia,1967,52.469,26538000,5906.731805
Irán,Asia,1972,55.234,30614000,9613.818607
Irán,Asia,1977,57.702,35480679,11888.59508
Irán,Asia,1982,59.62,43072751,7608.334602
Irán,Asia,1987,63.04,51889696,6642.881371
Irán,Asia,1992,65.742,60397973,7235.653188
Irán,Asia,1997,68.042,63327987,8263.590301
Irán,Asia,2002,69.451,66907826,9240.761975
Irán,Asia,2007,70.964,69453570,11605.71449
Iraq,Asia,1952,45.32,5441766,4129.766056
Iraq,Asia,1957,48.437,6248643,6229.333562
Iraq,Asia,1962,51.457,7240260,8341.737815
Iraq,Asia,1967,54.459,8519282,8931.459811
Iraq,Asia,1972,56.95,10061506,9576.037596
Iraq,Asia,1977,60.413,11882916,14688.23507
Iraq,Asia,1982,62.038,14173318,14517.90711
Iraq,Asia,1987,65.044,16543189,11643.57268
Iraq,Asia,1992,59.461,17861905,3745.640687
Iraq,Asia,1997,58.811,20775703,3076.239795
Iraq,Asia,2002,57.046,24001816,4390.717312
Iraq,Asia,2007,59.545,27499638,4471.061906
Irlanda,Europa,1952,66.91,2952156,5210.280328
Irlanda,Europa,1957,68.9,2878220,5599.077872
Irlanda,Europa,1962,70.29,2830000,6631.597314
Irlanda,Europa,1967,71.08,2900100,7655.568963
Irlanda,Europa,1972,71.28,3024400,9530.772896
Irlanda,Europa,1977,72.03,3271900,11150.98113
Irlanda,Europa,1982,73.1,3480000,12618.32141
Irlanda,Europa,1987,74.36,3539900,13872.86652
Irlanda,Europa,1992,75.467,3557761,17558.81555
Irlanda,Europa,1997,76.122,3667233,24521.94713
Irlanda,Europa,2002,77.783,3879155,34077.04939
Irlanda,Europa,2007,78.885,4109086,40675.99635
Israel,Asia,1952,65.39,1620914,4086.522128
Israel,Asia,1957,67.84,1944401,5385.278451
Israel,Asia,1962,69.39,2310904,7105.630706
Israel,Asia,1967,70.75,2693585,8393.741404
Israel,Asia,1972,71.63,3095893,12786.93223
Israel,Asia,1977,73.06,3495918,13306.61921
Israel,Asia,1982,74.45,3858421,15367.0292
Israel,Asia,1987,75.6,4203148,17122.47986
Israel,Asia,1992,76.93,4936550,18051.52254
Israel,Asia,1997,78.269,5531387,20896.60924
Israel,Asia,2002,79.696,6029529,21905.59514
Israel,Asia,2007,80.745,6426679,25523.2771
Italia,Europa,1952,65.94,47666000,4931.404155
Italia,Europa,1957,67.81,49182000,6248.656232
Italia,Europa,1962,69.24,50843200,8243.58234
Italia,Europa,1967,71.06,52667100,10022.40131
Italia,Europa,1972,72.19,54365564,12269.27378
Italia,Europa,1977,73.48,56059245,14255.98475
Italia,Europa,1982,74.98,56535636,16537.4835
Italia,Europa,1987,76.42,56729703,19207.23482
Italia,Europa,1992,77.44,56840847,22013.64486
Italia,Europa,1997,78.82,57479469,24675.02446
Italia,Europa,2002,80.24,57926999,27968.09817
Italia,Europa,2007,80.546,58147733,28569.7197
Jamaica,Américas,1952,58.53,1426095,2898.530881
Jamaica,Américas,1957,62.61,1535090,4756.525781
Jamaica,Américas,1962,65.61,1665128,5246.107524
Jamaica,Américas,1967,67.51,1861096,6124.703451
Jamaica,Américas,1972,69,1997616,7433.889293
Jamaica,Américas,1977,70.11,2156814,6650.195573
Jamaica,Américas,1982,71.21,2298309,6068.05135
Jamaica,Américas,1987,71.77,2326606,6351.237495
Jamaica,Américas,1992,71.766,2378618,7404.923685
Jamaica,Américas,1997,72.262,2531311,7121.924704
Jamaica,Américas,2002,72.047,2664659,6994.774861
Jamaica,Américas,2007,72.567,2780132,7320.880262
Japén,Asia,1952,63.03,86459025,3216.956347
Japén,Asia,1957,65.5,91563009,4317.694365
Japén,Asia,1962,68.73,95831757,6576.649461
Japén,Asia,1967,71.43,100825279,9847.788607
Japén,Asia,1972,73.42,107188273,14778.78636
Japén,Asia,1977,75.38,113872473,16610.37701
Japén,Asia,1982,77.11,118454974,19384.10571
Japén,Asia,1987,78.67,122091325,22375.94189
Japén,Asia,1992,79.36,124329269,26824.89511
Japén,Asia,1997,80.69,125956499,28816.58499
Japén,Asia,2002,82,127065841,28604.5919
Japén,Asia,2007,82.603,127467972,31656.06806
Jordania,Asia,1952,43.158,607914,1546.907807
Jordania,Asia,1957,45.669,746559,1886.080591
Jordania,Asia,1962,48.126,933559,2348.009158
Jordania,Asia,1967,51.629,1255058,2741.796252
Jordania,Asia,1972,56.528,1613551,2110.856309
Jordania,Asia,1977,61.134,1937652,2852.351568
Jordania,Asia,1982,63.739,2347031,4161.415959
Jordania,Asia,1987,65.869,2820042,4448.679912
Jordania,Asia,1992,68.015,3867409,3431.593647
Jordania,Asia,1997,69.772,4526235,3645.379572
Jordania,Asia,2002,71.263,5307470,3844.917194
Jordania,Asia,2007,72.535,6053193,4519.461171
Kenia,África,1952,42.27,6464046,853.540919
Kenia,África,1957,44.686,7454779,944.4383152
Kenia,África,1962,47.949,8678557,896.9663732
Kenia,África,1967,50.654,10191512,1056.736457
Kenia,África,1972,53.559,12044785,1222.359968
Kenia,África,1977,56.155,14500404,1267.613204
Kenia,África,1982,58.766,17661452,1348.225791
Kenia,África,1987,59.339,21198082,1361.936856
Kenia,África,1992,59.285,25020539,1341.921721
Kenia,África,1997,54.407,28263827,1360.485021
Kenia,África,2002,50.992,31386842,1287.514732
Kenia,África,2007,54.11,35610177,1463.249282
"Corea, Rep. Dem.",Asia,1952,50.056,8865488,1088.277758
"Corea, Rep. Dem.",Asia,1957,54.081,9411381,1571.134655
"Corea, Rep. Dem.",Asia,1962,56.656,10917494,1621.693598
"Corea, Rep. Dem.",Asia,1967,59.942,12617009,2143.540609
"Corea, Rep. Dem.",Asia,1972,63.983,14781241,3701.621503
"Corea, Rep. Dem.",Asia,1977,67.159,16325320,4106.301249
"Corea, Rep. Dem.",Asia,1982,69.1,17647518,4106.525293
"Corea, Rep. Dem.",Asia,1987,70.647,19067554,4106.492315
"Corea, Rep. Dem.",Asia,1992,69.978,20711375,3726.063507
"Corea, Rep. Dem.",Asia,1997,67.727,21585105,1690.756814
"Corea, Rep. Dem.",Asia,2002,66.662,22215365,1646.758151
"Corea, Rep. Dem.",Asia,2007,67.297,23301725,1593.06548
"Corea, Rep.",Asia,1952,47.453,20947571,1030.592226
"Corea, Rep.",Asia,1957,52.681,22611552,1487.593537
"Corea, Rep.",Asia,1962,55.292,26420307,1536.344387
"Corea, Rep.",Asia,1967,57.716,30131000,2029.228142
"Corea, Rep.",Asia,1972,62.612,33505000,3030.87665
"Corea, Rep.",Asia,1977,64.766,36436000,4657.22102
"Corea, Rep.",Asia,1982,67.123,39326000,5622.942464
"Corea, Rep.",Asia,1987,69.81,41622000,8533.088805
"Corea, Rep.",Asia,1992,72.244,43805450,12104.27872
"Corea, Rep.",Asia,1997,74.647,46173816,15993.52796
"Corea, Rep.",Asia,2002,77.045,47969150,19233.98818
"Corea, Rep.",Asia,2007,78.623,49044790,23348.13973
Kuwait,Asia,1952,55.565,160000,108382.3529
Kuwait,Asia,1957,58.033,212846,113523.1329
Kuwait,Asia,1962,60.47,358266,95458.11176
Kuwait,Asia,1967,64.624,575003,80894.88326
Kuwait,Asia,1972,67.712,841934,109347.867
Kuwait,Asia,1977,69.343,1140357,59265.47714
Kuwait,Asia,1982,71.309,1497494,31354.03573
Kuwait,Asia,1987,74.174,1891487,28118.42998
Kuwait,Asia,1992,75.19,1418095,34932.91959
Kuwait,Asia,1997,76.156,1765345,40300.619960000004
Kuwait,Asia,2002,76.904,2111561,35110.10566
Kuwait,Asia,2007,77.588,2505559,47306.98978
Líbano,Asia,1952,55.928,1439529,4834.804067
Líbano,Asia,1957,59.489,1647412,6089.786934
Líbano,Asia,1962,62.094,1886848,5714.560611
Líbano,Asia,1967,63.87,2186894,6006.983042
Líbano,Asia,1972,65.421,2680018,7486.384341
Líbano,Asia,1977,66.099,3115787,8659.696836
Líbano,Asia,1982,66.983,3086876,7640.519521
Líbano,Asia,1987,67.926,3089353,5377.091329
Líbano,Asia,1992,69.292,3219994,6890.806854
Líbano,Asia,1997,70.265,3430388,8754.96385
Líbano,Asia,2002,71.028,3677780,9313.93883
Líbano,Asia,2007,71.993,3921278,10461.05868
Lesoto,África,1952,42.138,748747,298.8462121
Lesoto,África,1957,45.047,813338,335.9971151
Lesoto,África,1962,47.747,893143,411.8006266
Lesoto,África,1967,48.492,996380,498.6390265
Lesoto,África,1972,49.767,1116779,496.5815922
Lesoto,África,1977,52.208,1251524,745.3695408
Lesoto,África,1982,55.078,1411807,797.2631074
Lesoto,África,1987,57.18,1599200,773.9932141
Lesoto,África,1992,59.685,1803195,977.4862725
Lesoto,África,1997,55.558,1982823,1186.147994
Lesoto,África,2002,44.593,2046772,1275.184575
Lesoto,África,2007,42.592,2012649,1569.331442
Liberia,África,1952,38.48,863308,575.5729961
Liberia,África,1957,39.486,975950,620.9699901
Liberia,África,1962,40.502,1112796,634.1951625
Liberia,África,1967,41.536,1279406,713.6036483
Liberia,África,1972,42.614,1482628,803.0054535
Liberia,África,1977,43.764,1703617,640.3224383
Liberia,África,1982,44.852,1956875,572.1995694
Liberia,África,1987,46.027,2269414,506.1138573
Liberia,África,1992,40.802,1912974,636.6229191
Liberia,África,1997,42.221,2200725,609.17395079999994
Liberia,África,2002,43.753,2814651,531.4823679
Liberia,África,2007,45.678,3193942,414.5073415
Libia,África,1952,42.723,1019729,2387.54806
Libia,África,1957,45.289,1201578,3448.284395
Libia,África,1962,47.808,1441863,6757.030816
Libia,África,1967,50.227,1759224,18772.75169
Libia,África,1972,52.773,2183877,21011.49721
Libia,África,1977,57.442,2721783,21951.21176
Libia,África,1982,62.155,3344074,17364.27538
Libia,África,1987,66.234,3799845,11770.5898
Libia,África,1992,68.755,4364501,9640.138501
Libia,África,1997,71.555,4759670,9467.446056
Libia,África,2002,72.737,5368585,9534.677467
Libia,África,2007,73.952,6036914,12057.49928
Madagascar,África,1952,36.681,4762912,1443.011715
Madagascar,África,1957,38.865,5181679,1589.20275
Madagascar,África,1962,40.848,5703324,1643.38711
Madagascar,África,1967,42.881,6334556,1634.047282
Madagascar,África,1972,44.851,7082430,1748.562982
Madagascar,África,1977,46.881,8007166,1544.228586
Madagascar,África,1982,48.969,9171477,1302.878658
Madagascar,África,1987,49.35,10568642,1155.441948
Madagascar,África,1992,52.214,12210395,1040.67619
Madagascar,África,1997,54.978,14165114,986.2958956
Madagascar,África,2002,57.286,16473477,894.6370822
Madagascar,África,2007,59.443,19167654,1044.770126
Malaui,África,1952,36.256,2917802,369.1650802
Malaui,África,1957,37.207,3221238,416.3698064
Malaui,África,1962,38.41,3628608,427.9010856
Malaui,África,1967,39.487,4147252,495.5147806
Malaui,África,1972,41.766,4730997,584.6219709
Malaui,África,1977,43.767,5637246,663.2236766
Malaui,África,1982,45.642,6502825,632.8039209
Malaui,África,1987,47.457,7824747,635.5173634
Malaui,África,1992,49.42,10014249,563.2000145
Malaui,África,1997,47.495,10419991,692.2758103
Malaui,África,2002,45.009,11824495,665.4231186
Malaui,África,2007,48.303,13327079,759.3499101
Malasia,Asia,1952,48.463,6748378,1831.132894
Malasia,Asia,1957,52.102,7739235,1810.066992
Malasia,Asia,1962,55.737,8906385,2036.884944
Malasia,Asia,1967,59.371,10154878,2277.742396
Malasia,Asia,1972,63.01,11441462,2849.09478
Malasia,Asia,1977,65.256,12845381,3827.921571
Malasia,Asia,1982,68,14441916,4920.355951
Malasia,Asia,1987,69.5,16331785,5249.802653
Malasia,Asia,1992,70.693,18319502,7277.912802
Malasia,Asia,1997,71.938,20476091,10132.90964
Malasia,Asia,2002,73.044,22662365,10206.97794
Malasia,Asia,2007,74.241,24821286,12451.6558
Malí,África,1952,33.685,3838168,452.3369807
Malí,África,1957,35.307,4241884,490.3821867
Malí,África,1962,36.936,4690372,496.1743428
Malí,África,1967,38.487,5212416,545.0098873
Malí,África,1972,39.977,5828158,581.3688761
Malí,África,1977,41.714,6491649,686.3952693
Malí,África,1982,43.916,6998256,618.0140641
Malí,África,1987,46.364,7634008,684.1715576
Malí,África,1992,48.388,8416215,739.014375
Malí,África,1997,49.903,9384984,790.2579846
Malí,África,2002,51.818,10580176,951.4097518
Malí,África,2007,54.467,12031795,1042.581557
Mauritania,África,1952,40.543,1022556,743.1159097
Mauritania,África,1957,42.338,1076852,846.1202613
Mauritania,África,1962,44.248,1146757,1055.896036
Mauritania,África,1967,46.289,1230542,1421.145193
Mauritania,África,1972,48.437,1332786,1586.851781
Mauritania,África,1977,50.852,1456688,1497.492223
Mauritania,África,1982,53.599,1622136,1481.150189
Mauritania,África,1987,56.145,1841240,1421.603576
Mauritania,África,1992,58.333,2119465,1361.369784
Mauritania,África,1997,60.43,2444741,1483.136136
Mauritania,África,2002,62.247,2828858,1579.019543
Mauritania,África,2007,64.164,3270065,1803.151496
Mauricio,África,1952,50.986,516556,1967.955707
Mauricio,África,1957,58.089,609816,2034.037981
Mauricio,África,1962,60.246,701016,2529.067487
Mauricio,África,1967,61.557,789309,2475.387562
Mauricio,África,1972,62.944,851334,2575.484158
Mauricio,África,1977,64.93,913025,3710.982963
Mauricio,África,1982,66.711,992040,3688.037739
Mauricio,África,1987,68.74,1042663,4783.586903
Mauricio,África,1992,69.745,1096202,6058.253846
Mauricio,África,1997,70.736,1149818,7425.705295
Mauricio,África,2002,71.954,1200206,9021.815894
Mauricio,África,2007,72.801,1250882,10956.99112
México,Américas,1952,50.789,30144317,3478.125529
México,Américas,1957,55.19,35015548,4131.546641
México,Américas,1962,58.299,41121485,4581.609385
México,Américas,1967,60.11,47995559,5754.733883
México,Américas,1972,62.361,55984294,6809.40669
México,Américas,1977,65.032,63759976,7674.929108
México,Américas,1982,67.405,71640904,9611.147541
México,Américas,1987,69.498,80122492,8688.156003
México,Américas,1992,71.455,88111030,9472.384295
México,Américas,1997,73.67,95895146,9767.29753
México,Américas,2002,74.902,102479927,10742.44053
México,Américas,2007,76.195,108700891,11977.57496
Mongolia,Asia,1952,42.244,800663,786.5668575
Mongolia,Asia,1957,45.248,882134,912.6626085
Mongolia,Asia,1962,48.251,1010280,1056.353958
Mongolia,Asia,1967,51.253,1149500,1226.04113
Mongolia,Asia,1972,53.754,1320500,1421.741975
Mongolia,Asia,1977,55.491,1528000,1647.511665
Mongolia,Asia,1982,57.489,1756032,2000.603139
Mongolia,Asia,1987,60.222,2015133,2338.008304
Mongolia,Asia,1992,61.271,2312802,1785.402016
Mongolia,Asia,1997,63.625,2494803,1902.2521
Mongolia,Asia,2002,65.033,2674234,2140.739323
Mongolia,Asia,2007,66.803,2874127,3095.772271
Montenegro,Europa,1952,59.164,413834,2647.585601
Montenegro,Europa,1957,61.448,442829,3682.259903
Montenegro,Europa,1962,63.728,474528,4649.593785
Montenegro,Europa,1967,67.178,501035,5907.850937
Montenegro,Europa,1972,70.636,527678,7778.414017
Montenegro,Europa,1977,73.066,560073,9595.929905
Montenegro,Europa,1982,74.101,562548,11222.58762
Montenegro,Europa,1987,74.865,569473,11732.51017
Montenegro,Europa,1992,75.435,621621,7003.339037
Montenegro,Europa,1997,75.445,692651,6465.613349
Montenegro,Europa,2002,73.981,720230,6557.194282
Montenegro,Europa,2007,74.543,684736,9253.896111
Marruecos,África,1952,42.873,9939217,1688.20357
Marruecos,África,1957,45.423,11406350,1642.002314
Marruecos,África,1962,47.924,13056604,1566.353493
Marruecos,África,1967,50.335,14770296,1711.04477
Marruecos,África,1972,52.862,16660670,1930.194975
Marruecos,África,1977,55.73,18396941,2370.619976
Marruecos,África,1982,59.65,20198730,2702.620356
Marruecos,África,1987,62.677,22987397,2755.046991
Marruecos,África,1992,65.393,25798239,2948.047252
Marruecos,África,1997,67.66,28529501,2982.101858
Marruecos,África,2002,69.615,31167783,3258.495584
Marruecos,África,2007,71.164,33757175,3820.17523
Mozambique,África,1952,31.286,6446316,468.5260381
Mozambique,África,1957,33.779,7038035,495.5868333
Mozambique,África,1962,36.161,7788944,556.6863539
Mozambique,África,1967,38.113,8680909,566.6691539
Mozambique,África,1972,40.328,9809596,724.9178037
Mozambique,África,1977,42.495,11127868,502.3197334
Mozambique,África,1982,42.795,12587223,462.2114149
Mozambique,África,1987,42.861,12891952,389.8761846
Mozambique,África,1992,44.284,13160731,410.8968239
Mozambique,África,1997,46.344,16603334,472.3460771
Mozambique,África,2002,44.026,18473780,633.6179466
Mozambique,África,2007,42.082,19951656,823.6856205
Myanmar,Asia,1952,36.319,20092996,331
Myanmar,Asia,1957,41.905,21731844,350
Myanmar,Asia,1962,45.108,23634436,388
Myanmar,Asia,1967,49.379,25870271,349
Myanmar,Asia,1972,53.07,28466390,357
Myanmar,Asia,1977,56.059,31528087,371
Myanmar,Asia,1982,58.056,34680442,424
Myanmar,Asia,1987,58.339,38028578,385
Myanmar,Asia,1992,59.32,40546538,347
Myanmar,Asia,1997,60.328,43247867,415
Myanmar,Asia,2002,59.908,45598081,611
Myanmar,Asia,2007,62.069,47761980,944
Namibia,África,1952,41.725,485831,2423.780443
Namibia,África,1957,45.226,548080,2621.448058
Namibia,África,1962,48.386,621392,3173.215595
Namibia,África,1967,51.159,706640,3793.694753
Namibia,África,1972,53.867,821782,3746.080948
Namibia,África,1977,56.437,977026,3876.485958
Namibia,África,1982,58.968,1099010,4191.100511
Namibia,África,1987,60.835,1278184,3693.731337
Namibia,África,1992,61.999,1554253,3804.537999
Namibia,África,1997,58.909,1774766,3899.52426
Namibia,África,2002,51.479,1972153,4072.324751
Namibia,África,2007,52.906,2055080,4811.060429
Nepal,Asia,1952,36.157,9182536,545.8657229
Nepal,Asia,1957,37.686,9682338,597.9363558
Nepal,Asia,1962,39.393,10332057,652.3968593
Nepal,Asia,1967,41.472,11261690,676.4422254
Nepal,Asia,1972,43.971,12412593,674.7881296
Nepal,Asia,1977,46.748,13933198,694.1124398
Nepal,Asia,1982,49.594,15796314,718.3730947
Nepal,Asia,1987,52.537,17917180,775.6324501
Nepal,Asia,1992,55.727,20326209,897.7403604
Nepal,Asia,1997,59.426,23001113,1010.892138
Nepal,Asia,2002,61.34,25873917,1057.206311
Nepal,Asia,2007,63.785,28901790,1091.359778
Países Bajos,Europa,1952,72.13,10381988,8941.571858
Países Bajos,Europa,1957,72.99,11026383,11276.19344
Países Bajos,Europa,1962,73.23,11805689,12790.84956
Países Bajos,Europa,1967,73.82,12596822,15363.25136
Países Bajos,Europa,1972,73.75,13329874,18794.74567
Países Bajos,Europa,1977,75.24,13852989,21209.0592
Países Bajos,Europa,1982,76.05,14310401,21399.46046
Países Bajos,Europa,1987,76.83,14665278,23651.32361
Países Bajos,Europa,1992,77.42,15174244,26790.94961
Países Bajos,Europa,1997,78.03,15604464,30246.13063
Países Bajos,Europa,2002,78.53,16122830,33724.75778
Países Bajos,Europa,2007,79.762,16570613,36797.93332
Nueva Zelanda,Oceanía,1952,69.39,1994794,10556.57566
Nueva Zelanda,Oceanía,1957,70.26,2229407,12247.39532
Nueva Zelanda,Oceanía,1962,71.24,2488550,13175.678
Nueva Zelanda,Oceanía,1967,71.52,2728150,14463.91893
Nueva Zelanda,Oceanía,1972,71.89,2929100,16046.03728
Nueva Zelanda,Oceanía,1977,72.22,3164900,16233.7177
Nueva Zelanda,Oceanía,1982,73.84,3210650,17632.4104
Nueva Zelanda,Oceanía,1987,74.32,3317166,19007.19129
Nueva Zelanda,Oceanía,1992,76.33,3437674,18363.32494
Nueva Zelanda,Oceanía,1997,77.55,3676187,21050.41377
Nueva Zelanda,Oceanía,2002,79.11,3908037,23189.80135
Nueva Zelanda,Oceanía,2007,80.204,4115771,25185.00911
Nicaragua,Américas,1952,42.314,1165790,3112.363948
Nicaragua,Américas,1957,45.432,1358828,3457.415947
Nicaragua,Américas,1962,48.632,1590597,3634.364406
Nicaragua,Américas,1967,51.884,1865490,4643.393534
Nicaragua,Américas,1972,55.151,2182908,4688.593267
Nicaragua,Américas,1977,57.47,2554598,5486.371089
Nicaragua,Américas,1982,59.298,2979423,3470.338156
Nicaragua,Américas,1987,62.008,3344353,2955.984375
Nicaragua,Américas,1992,65.843,4017939,2170.151724
Nicaragua,Américas,1997,68.426,4609572,2253.023004
Nicaragua,Américas,2002,70.836,5146848,2474.548819
Nicaragua,Américas,2007,72.899,5675356,2749.320965
Niger,África,1952,37.444,3379468,761.879376
Niger,África,1957,38.598,3692184,835.5234025
Niger,África,1962,39.487,4076008,997.7661127
Niger,África,1967,40.118,4534062,1054.384891
Niger,África,1972,40.546,5060262,954.2092363
Niger,África,1977,41.291,5682086,808.8970728
Niger,África,1982,42.598,6437188,909.7221354
Niger,África,1987,44.555,7332638,668.3000228
Niger,África,1992,47.391,8392818,581.182725
Niger,África,1997,51.313,9666252,580.3052092
Niger,África,2002,54.496,11140655,601.0745012
Niger,África,2007,56.867,12894865,619.6768924
Nigeria,África,1952,36.324,33119096,1077.281856
Nigeria,África,1957,37.802,37173340,1100.592563
Nigeria,África,1962,39.36,41871351,1150.927478
Nigeria,África,1967,41.04,47287752,1014.514104
Nigeria,África,1972,42.821,53740085,1698.388838
Nigeria,África,1977,44.514,62209173,1981.951806
Nigeria,África,1982,45.826,73039376,1576.97375
Nigeria,África,1987,46.886,81551520,1385.029563
Nigeria,África,1992,47.472,93364244,1619.848217
Nigeria,África,1997,47.464,106207839,1624.941275
Nigeria,África,2002,46.608,119901274,1615.286395
Nigeria,África,2007,46.859,135031164,2013.977305
Noruega,Europa,1952,72.67,3327728,10095.42172
Noruega,Europa,1957,73.44,3491938,11653.97304
Noruega,Europa,1962,73.47,3638919,13450.40151
Noruega,Europa,1967,74.08,3786019,16361.87647
Noruega,Europa,1972,74.34,3933004,18965.05551
Noruega,Europa,1977,75.37,4043205,23311.34939
Noruega,Europa,1982,75.97,4114787,26298.63531
Noruega,Europa,1987,75.89,4186147,31540.9748
Noruega,Europa,1992,77.32,4286357,33965.66115
Noruega,Europa,1997,78.32,4405672,41283.16433
Noruega,Europa,2002,79.05,4535591,44683.97525
Noruega,Europa,2007,80.196,4627926,49357.19017
Omán,Asia,1952,37.578,507833,1828.230307
Omán,Asia,1957,40.08,561977,2242.746551
Omán,Asia,1962,43.165,628164,2924.638113
Omán,Asia,1967,46.988,714775,4720.942687
Omán,Asia,1972,52.143,829050,10618.03855
Omán,Asia,1977,57.367,1004533,11848.34392
Omán,Asia,1982,62.728,1301048,12954.79101
Omán,Asia,1987,67.734,1593882,18115.22313
Omán,Asia,1992,71.197,1915208,18616.70691
Omán,Asia,1997,72.499,2283635,19702.05581
Omán,Asia,2002,74.193,2713462,19774.83687
Omán,Asia,2007,75.64,3204897,22316.19287
Pakistán,Asia,1952,43.436,41346560,684.5971438
Pakistán,Asia,1957,45.557,46679944,747.0835292
Pakistán,Asia,1962,47.67,53100671,803.3427418
Pakistán,Asia,1967,49.8,60641899,942.4082588
Pakistán,Asia,1972,51.929,69325921,1049.938981
Pakistán,Asia,1977,54.043,78152686,1175.921193
Pakistán,Asia,1982,56.158,91462088,1443.429832
Pakistán,Asia,1987,58.245,105186881,1704.686583
Pakistán,Asia,1992,60.838,120065004,1971.829464
Pakistán,Asia,1997,61.818,135564834,2049.350521
Pakistán,Asia,2002,63.61,153403524,2092.712441
Pakistán,Asia,2007,65.483,169270617,2605.94758
Panamá,Américas,1952,55.191,940080,2480.380334
Panamá,Américas,1957,59.201,1063506,2961.800905
Panamá,Américas,1962,61.817,1215725,3536.540301
Panamá,Américas,1967,64.071,1405486,4421.009084
Panamá,Américas,1972,66.216,1616384,5364.249663
Panamá,Américas,1977,68.681,1839782,5351.912144
Panamá,Américas,1982,70.472,2036305,7009.601598
Panamá,Américas,1987,71.523,2253639,7034.779161
Panamá,Américas,1992,72.462,2484997,6618.74305
Panamá,Américas,1997,73.738,2734531,7113.692252
Panamá,Américas,2002,74.712,2990875,7356.031934
Panamá,Américas,2007,75.537,3242173,9809.185636
Paraguay,Américas,1952,62.649,1555876,1952.308701
Paraguay,Américas,1957,63.196,1770902,2046.154706
Paraguay,Américas,1962,64.361,2009813,2148.027146
Paraguay,Américas,1967,64.951,2287985,2299.376311
Paraguay,Américas,1972,65.815,2614104,2523.337977
Paraguay,Américas,1977,66.353,2984494,3248.373311
Paraguay,Américas,1982,66.874,3366439,4258.503604
Paraguay,Américas,1987,67.378,3886512,3998.875695
Paraguay,Américas,1992,68.225,4483945,4196.411078
Paraguay,Américas,1997,69.4,5154123,4247.400261
Paraguay,Américas,2002,70.755,5884491,3783.674243
Paraguay,Américas,2007,71.752,6667147,4172.838464
Perú,Américas,1952,43.902,8025700,3758.523437
Perú,Américas,1957,46.263,9146100,4245.256698
Perú,Américas,1962,49.096,10516500,4957.037982
Perú,Américas,1967,51.445,12132200,5788.09333
Perú,Américas,1972,55.448,13954700,5937.827283
Perú,Américas,1977,58.447,15990099,6281.290855
Perú,Américas,1982,61.406,18125129,6434.501797
Perú,Américas,1987,64.134,20195924,6360.9434440000005
Perú,Américas,1992,66.458,22430449,4446.380924
Perú,Américas,1997,68.386,24748122,5838.347657
Perú,Américas,2002,69.906,26769436,5909.020073
Perú,Américas,2007,71.421,28674757,7408.905561
Filipinas,Asia,1952,47.752,22438691,1272.880995
Filipinas,Asia,1957,51.334,26072194,1547.944844
Filipinas,Asia,1962,54.757,30325264,1649.552153
Filipinas,Asia,1967,56.393,35356600,1814.12743
Filipinas,Asia,1972,58.065,40850141,1989.37407
Filipinas,Asia,1977,60.06,46850962,2373.204287
Filipinas,Asia,1982,62.082,53456774,2603.273765
Filipinas,Asia,1987,64.151,60017788,2189.634995
Filipinas,Asia,1992,66.458,67185766,2279.324017
Filipinas,Asia,1997,68.564,75012988,2536.534925
Filipinas,Asia,2002,70.303,82995088,2650.921068
Filipinas,Asia,2007,71.688,91077287,3190.481016
Polonia,Europa,1952,61.31,25730551,4029.329699
Polonia,Europa,1957,65.77,28235346,4734.253019
Polonia,Europa,1962,67.64,30329617,5338.752143
Polonia,Europa,1967,69.61,31785378,6557.152776
Polonia,Europa,1972,70.85,33039545,8006.506993
Polonia,Europa,1977,70.67,34621254,9508.141454
Polonia,Europa,1982,71.32,36227381,8451.531004
Polonia,Europa,1987,70.98,37740710,9082.351172
Polonia,Europa,1992,70.99,38370697,7738.881247
Polonia,Europa,1997,72.75,38654957,10159.58368
Polonia,Europa,2002,74.67,38625976,12002.23908
Polonia,Europa,2007,75.563,38518241,15389.92468
Portugal,Europa,1952,59.82,8526050,3068.319867
Portugal,Europa,1957,61.51,8817650,3774.571743
Portugal,Europa,1962,64.39,9019800,4727.954889
Portugal,Europa,1967,66.6,9103000,6361.517993
Portugal,Europa,1972,69.26,8970450,9022.247417
Portugal,Europa,1977,70.41,9662600,10172.48572
Portugal,Europa,1982,72.77,9859650,11753.84291
Portugal,Europa,1987,74.06,9915289,13039.30876
Portugal,Europa,1992,74.86,9927680,16207.26663
Portugal,Europa,1997,75.97,10156415,17641.03156
Portugal,Europa,2002,77.29,10433867,19970.90787
Portugal,Europa,2007,78.098,10642836,20509.64777
Puerto Rico,Américas,1952,64.28,2227000,3081.959785
Puerto Rico,Américas,1957,68.54,2260000,3907.156189
Puerto Rico,Américas,1962,69.62,2448046,5108.34463
Puerto Rico,Américas,1967,71.1,2648961,6929.277714
Puerto Rico,Américas,1972,72.16,2847132,9123.041742
Puerto Rico,Américas,1977,73.44,3080828,9770.524921
Puerto Rico,Américas,1982,73.75,3279001,10330.98915
Puerto Rico,Américas,1987,74.63,3444468,12281.34191
Puerto Rico,Américas,1992,73.911,3585176,14641.58711
Puerto Rico,Américas,1997,74.917,3759430,16999.4333
Puerto Rico,Américas,2002,77.778,3859606,18855.60618
Puerto Rico,Américas,2007,78.746,3942491,19328.70901
Reunión,África,1952,52.724,257700,2718.885295
Reunión,África,1957,55.09,308700,2769.451844
Reunión,África,1962,57.666,358900,3173.72334
Reunión,África,1967,60.542,414024,4021.175739
Reunión,África,1972,64.274,461633,5047.658563
Reunión,África,1977,67.064,492095,4319.804067
Reunión,África,1982,69.885,517810,5267.219353
Reunión,África,1987,71.913,562035,5303.377488
Reunión,África,1992,73.615,622191,6101.255823
Reunión,África,1997,74.772,684810,6071.941411
Reunión,África,2002,75.744,743981,6316.1652
Reunión,África,2007,76.442,798094,7670.122558
Rumania,Europa,1952,61.05,16630000,3144.613186
Rumania,Europa,1957,64.1,17829327,3943.370225
Rumania,Europa,1962,66.8,18680721,4734.997586
Rumania,Europa,1967,66.8,19284814,6470.866545
Rumania,Europa,1972,69.21,20662648,8011.414402
Rumania,Europa,1977,69.46,21658597,9356.39724
Rumania,Europa,1982,69.66,22356726,9605.314053
Rumania,Europa,1987,69.53,22686371,9696.273295
Rumania,Europa,1992,69.36,22797027,6598.409903
Rumania,Europa,1997,69.72,22562458,7346.547557
Rumania,Europa,2002,71.322,22404337,7885.360081
Rumania,Europa,2007,72.476,22276056,10808.47561
Ruanda,África,1952,40,2534927,493.3238752
Ruanda,África,1957,41.5,2822082,540.2893983
Ruanda,África,1962,43,3051242,597.4730727
Ruanda,África,1967,44.1,3451079,510.9637142
Ruanda,África,1972,44.6,3992121,590.5806638
Ruanda,África,1977,45,4657072,670.0806011
Ruanda,África,1982,46.218,5507565,881.5706467
Ruanda,África,1987,44.02,6349365,847.991217
Ruanda,África,1992,23.599,7290203,737.0685949
Ruanda,África,1997,36.087,7212583,589.9445051
Ruanda,África,2002,43.413,7852401,785.6537648
Ruanda,África,2007,46.242,8860588,863.0884639
Santo Tomé y Príncipe,África,1952,46.471,60011,879.5835855
Santo Tomé y Príncipe,África,1957,48.945,61325,860.7369026
Santo Tomé y Príncipe,África,1962,51.893,65345,1071.551119
Santo Tomé y Príncipe,África,1967,54.425,70787,1384.840593
Santo Tomé y Príncipe,África,1972,56.48,76595,1532.985254
Santo Tomé y Príncipe,África,1977,58.55,86796,1737.561657
Santo Tomé y Príncipe,África,1982,60.351,98593,1890.218117
Santo Tomé y Príncipe,África,1987,61.728,110812,1516.525457
Santo Tomé y Príncipe,África,1992,62.742,125911,1428.777814
Santo Tomé y Príncipe,África,1997,63.306,145608,1339.076036
Santo Tomé y Príncipe,África,2002,64.337,170372,1353.09239
Santo Tomé y Príncipe,África,2007,65.528,199579,1598.435089
Arabia Saudita,Asia,1952,39.875,4005677,6459.554823
Arabia Saudita,Asia,1957,42.868,4419650,8157.591248
Arabia Saudita,Asia,1962,45.914,4943029,11626.41975
Arabia Saudita,Asia,1967,49.901,5618198,16903.04886
Arabia Saudita,Asia,1972,53.886,6472756,24837.42865
Arabia Saudita,Asia,1977,58.69,8128505,34167.7626
Arabia Saudita,Asia,1982,63.012,11254672,33693.17525
Arabia Saudita,Asia,1987,66.295,14619745,21198.26136
Arabia Saudita,Asia,1992,68.768,16945857,24841.61777
Arabia Saudita,Asia,1997,70.533,21229759,20586.69019
Arabia Saudita,Asia,2002,71.626,24501530,19014.54118
Arabia Saudita,Asia,2007,72.777,27601038,21654.83194
Senegal,África,1952,37.278,2755589,1450.356983
Senegal,África,1957,39.329,3054547,1567.653006
Senegal,África,1962,41.454,3430243,1654.988723
Senegal,África,1967,43.563,3965841,1612.404632
Senegal,África,1972,45.815,4588696,1597.712056
Senegal,África,1977,48.879,5260855,1561.769116
Senegal,África,1982,52.379,6147783,1518.479984
Senegal,África,1987,55.769,7171347,1441.72072
Senegal,África,1992,58.196,8307920,1367.899369
Senegal,África,1997,60.187,9535314,1392.368347
Senegal,África,2002,61.6,10870037,1519.635262
Senegal,África,2007,63.062,12267493,1712.472136
Serbia,Europa,1952,57.996,6860147,3581.459448
Serbia,Europa,1957,61.685,7271135,4981.090891
Serbia,Europa,1962,64.531,7616060,6289.629157
Serbia,Europa,1967,66.914,7971222,7991.707066
Serbia,Europa,1972,68.7,8313288,10522.06749
Serbia,Europa,1977,70.3,8686367,12980.66956
Serbia,Europa,1982,70.162,9032824,15181.0927
Serbia,Europa,1987,71.218,9230783,15870.87851
Serbia,Europa,1992,71.659,9826397,9325.068238
Serbia,Europa,1997,72.232,10336594,7914.320304
Serbia,Europa,2002,73.213,10111559,7236.075251
Serbia,Europa,2007,74.002,10150265,9786.534714
Sierra Leona,África,1952,30.331,2143249,879.7877358
Sierra Leona,África,1957,31.57,2295678,1004.484437
Sierra Leona,África,1962,32.767,2467895,1116.639877
Sierra Leona,África,1967,34.113,2662190,1206.043465
Sierra Leona,África,1972,35.4,2879013,1353.759762
Sierra Leona,África,1977,36.788,3140897,1348.285159
Sierra Leona,África,1982,38.445,3464522,1465.010784
Sierra Leona,África,1987,40.006,3868905,1294.447788
Sierra Leona,África,1992,38.333,4260884,1068.696278
Sierra Leona,África,1997,39.897,4578212,574.6481576
Sierra Leona,África,2002,41.012,5359092,699.489713
Sierra Leona,África,2007,42.568,6144562,862.5407561
Singapur,Asia,1952,60.396,1127000,2315.138227
Singapur,Asia,1957,63.179,1445929,2843.104409
Singapur,Asia,1962,65.798,1750200,3674.735572
Singapur,Asia,1967,67.946,1977600,4977.41854
Singapur,Asia,1972,69.521,2152400,8597.756202
Singapur,Asia,1977,70.795,2325300,11210.08948
Singapur,Asia,1982,71.76,2651869,15169.16112
Singapur,Asia,1987,73.56,2794552,18861.53081
Singapur,Asia,1992,75.788,3235865,24769.8912
Singapur,Asia,1997,77.158,3802309,33519.4766
Singapur,Asia,2002,78.77,4197776,36023.1054
Singapur,Asia,2007,79.972,4553009,47143.17964
Eslovaquia,Europa,1952,64.36,3558137,5074.659104
Eslovaquia,Europa,1957,67.45,3844277,6093.26298
Eslovaquia,Europa,1962,70.33,4237384,7481.107598
Eslovaquia,Europa,1967,70.98,4442238,8412.902397
Eslovaquia,Europa,1972,70.35,4593433,9674.167626
Eslovaquia,Europa,1977,70.45,4827803,10922.66404
Eslovaquia,Europa,1982,70.8,5048043,11348.54585
Eslovaquia,Europa,1987,71.08,5199318,12037.26758
Eslovaquia,Europa,1992,71.38,5302888,9498.467723
Eslovaquia,Europa,1997,72.71,5383010,12126.23065
Eslovaquia,Europa,2002,73.8,5410052,13638.77837
Eslovaquia,Europa,2007,74.663,5447502,18678.31435
Eslovenia,Europa,1952,65.57,1489518,4215.041741
Eslovenia,Europa,1957,67.85,1533070,5862.276629
Eslovenia,Europa,1962,69.15,1582962,7402.303395
Eslovenia,Europa,1967,69.18,1646912,9405.489397
Eslovenia,Europa,1972,69.82,1694510,12383.4862
Eslovenia,Europa,1977,70.97,1746919,15277.03017
Eslovenia,Europa,1982,71.063,1861252,17866.72175
Eslovenia,Europa,1987,72.25,1945870,18678.53492
Eslovenia,Europa,1992,73.64,1999210,14214.71681
Eslovenia,Europa,1997,75.13,2011612,17161.10735
Eslovenia,Europa,2002,76.66,2011497,20660.01936
Eslovenia,Europa,2007,77.926,2009245,25768.25759
Somalia,África,1952,32.978,2526994,1135.749842
Somalia,África,1957,34.977,2780415,1258.147413
Somalia,África,1962,36.981,3080153,1369.488336
Somalia,África,1967,38.977,3428839,1284.73318
Somalia,África,1972,40.973,3840161,1254.576127
Somalia,África,1977,41.974,4353666,1450.992513
Somalia,África,1982,42.955,5828892,1176.807031
Somalia,África,1987,44.501,6921858,1093.244963
Somalia,África,1992,39.658,6099799,926.9602964
Somalia,África,1997,43.795,6633514,930.5964284
Somalia,África,2002,45.936,7753310,882.0818218
Somalia,África,2007,48.159,9118773,926.1410683
Sudáfrica,África,1952,45.009,14264935,4725.295531
Sudáfrica,África,1957,47.985,16151549,5487.104219
Sudáfrica,África,1962,49.951,18356657,5768.729717
Sudáfrica,África,1967,51.927,20997321,7114.477971
Sudáfrica,África,1972,53.696,23935810,7765.962636
Sudáfrica,África,1977,55.527,27129932,8028.651439
Sudáfrica,África,1982,58.161,31140029,8568.266228
Sudáfrica,África,1987,60.834,35933379,7825.823398
Sudáfrica,África,1992,61.888,39964159,7225.069258
Sudáfrica,África,1997,60.236,42835005,7479.188244
Sudáfrica,África,2002,53.365,44433622,7710.946444
Sudáfrica,África,2007,49.339,43997828,9269.657808
España,Europa,1952,64.94,28549870,3834.034742
España,Europa,1957,66.66,29841614,4564.80241
España,Europa,1962,69.69,31158061,5693.843879
España,Europa,1967,71.44,32850275,7993.512294
España,Europa,1972,73.06,34513161,10638.75131
España,Europa,1977,74.39,36439000,13236.92117
España,Europa,1982,76.3,37983310,13926.16997
España,Europa,1987,76.9,38880702,15764.98313
España,Europa,1992,77.57,39549438,18603.06452
España,Europa,1997,78.77,39855442,20445.29896
España,Europa,2002,79.78,40152517,24835.47166
España,Europa,2007,80.941,40448191,28821.0637
Sri Lanka,Asia,1952,57.593,7982342,1083.53203
Sri Lanka,Asia,1957,61.456,9128546,1072.546602
Sri Lanka,Asia,1962,62.192,10421936,1074.47196
Sri Lanka,Asia,1967,64.266,11737396,1135.514326
Sri Lanka,Asia,1972,65.042,13016733,1213.39553
Sri Lanka,Asia,1977,65.949,14116836,1348.775651
Sri Lanka,Asia,1982,68.757,15410151,1648.079789
Sri Lanka,Asia,1987,69.011,16495304,1876.766827
Sri Lanka,Asia,1992,70.379,17587060,2153.739222
Sri Lanka,Asia,1997,70.457,18698655,2664.477257
Sri Lanka,Asia,2002,70.815,19576783,3015.378833
Sri Lanka,Asia,2007,72.396,20378239,3970.095407
Sudán,África,1952,38.635,8504667,1615.991129
Sudán,África,1957,39.624,9753392,1770.337074
Sudán,África,1962,40.87,11183227,1959.593767
Sudán,África,1967,42.858,12716129,1687.997641
Sudán,África,1972,45.083,14597019,1659.652775
Sudán,África,1977,47.8,17104986,2202.988423
Sudán,África,1982,50.338,20367053,1895.544073
Sudán,África,1987,51.744,24725960,1507.819159
Sudán,África,1992,53.556,28227588,1492.197043
Sudán,África,1997,55.373,32160729,1632.210764
Sudán,África,2002,56.369,37090298,1993.398314
Sudán,África,2007,58.556,42292929,2602.394995
Swazilandia,África,1952,41.407,290243,1148.376626
Swazilandia,África,1957,43.424,326741,1244.708364
Swazilandia,África,1962,44.992,370006,1856.182125
Swazilandia,África,1967,46.633,420690,2613.101665
Swazilandia,África,1972,49.552,480105,3364.836625
Swazilandia,África,1977,52.537,551425,3781.410618
Swazilandia,África,1982,55.561,649901,3895.384018
Swazilandia,África,1987,57.678,779348,3984.839812
Swazilandia,África,1992,58.474,962344,3553.0224
Swazilandia,África,1997,54.289,1054486,3876.76846
Swazilandia,África,2002,43.869,1130269,4128.116943
Swazilandia,África,2007,39.613,1133066,4513.480643
Suecia,Europa,1952,71.86,7124673,8527.844662
Suecia,Europa,1957,72.49,7363802,9911.878226
Suecia,Europa,1962,73.37,7561588,12329.44192
Suecia,Europa,1967,74.16,7867931,15258.29697
Suecia,Europa,1972,74.72,8122293,17832.02464
Suecia,Europa,1977,75.44,8251648,18855.72521
Suecia,Europa,1982,76.42,8325260,20667.38125
Suecia,Europa,1987,77.19,8421403,23586.92927
Suecia,Europa,1992,78.16,8718867,23880.01683
Suecia,Europa,1997,79.39,8897619,25266.59499
Suecia,Europa,2002,80.04,8954175,29341.63093
Suecia,Europa,2007,80.884,9031088,33859.74835
Suiza,Europa,1952,69.62,4815000,14734.23275
Suiza,Europa,1957,70.56,5126000,17909.48973
Suiza,Europa,1962,71.32,5666000,20431.0927
Suiza,Europa,1967,72.77,6063000,22966.14432
Suiza,Europa,1972,73.78,6401400,27195.11304
Suiza,Europa,1977,75.39,6316424,26982.29052
Suiza,Europa,1982,76.21,6468126,28397.71512
Suiza,Europa,1987,77.41,6649942,30281.70459
Suiza,Europa,1992,78.03,6995447,31871.5303
Suiza,Europa,1997,79.37,7193761,32135.32301
Suiza,Europa,2002,80.62,7361757,34480.95771
Suiza,Europa,2007,81.701,7554661,37506.41907
Siria,Asia,1952,45.883,3661549,1643.485354
Siria,Asia,1957,48.284,4149908,2117.234893
Siria,Asia,1962,50.305,4834621,2193.037133
Siria,Asia,1967,53.655,5680812,1881.923632
Siria,Asia,1972,57.296,6701172,2571.423014
Siria,Asia,1977,61.195,7932503,3195.484582
Siria,Asia,1982,64.59,9410494,3761.837715
Siria,Asia,1987,66.974,11242847,3116.774285
Siria,Asia,1992,69.249,13219062,3340.542768
Siria,Asia,1997,71.527,15081016,4014.238972
Siria,Asia,2002,73.053,17155814,4090.925331
Siria,Asia,2007,74.143,19314747,4184.548089
"Taiwán, China",Asia,1952,58.5,8550362,1206.947913
"Taiwán, China",Asia,1957,62.4,10164215,1507.86129
"Taiwán, China",Asia,1962,65.2,11918938,1822.879028
"Taiwán, China",Asia,1967,67.5,13648692,2643.858681
"Taiwán, China",Asia,1972,69.39,15226039,4062.523897
"Taiwán, China",Asia,1977,70.59,16785196,5596.519826
"Taiwán, China",Asia,1982,72.16,18501390,7426.354774
"Taiwán, China",Asia,1987,73.4,19757799,11054.56175
"Taiwán, China",Asia,1992,74.26,20686918,15215.6579
"Taiwán, China",Asia,1997,75.25,21628605,20206.82098
"Taiwán, China",Asia,2002,76.99,22454239,23235.42329
"Taiwán, China",Asia,2007,78.4,23174294,28718.27684
Tanzania,África,1952,41.215,8322925,716.6500721
Tanzania,África,1957,42.974,9452826,698.5356073
Tanzania,África,1962,44.246,10863958,722.0038073
Tanzania,África,1967,45.757,12607312,848.2186575
Tanzania,África,1972,47.62,14706593,915.9850592
Tanzania,África,1977,49.919,17129565,962.4922932
Tanzania,África,1982,50.608,19844382,874.2426069
Tanzania,África,1987,51.535,23040630,831.8220794
Tanzania,África,1992,50.44,26605473,825.682454
Tanzania,África,1997,48.466,30686889,789.1862231
Tanzania,África,2002,49.651,34593779,899.0742111
Tanzania,África,2007,52.517,38139640,1107.482182
Tailandia,Asia,1952,50.848,21289402,757.7974177
Tailandia,Asia,1957,53.63,25041917,793.5774148
Tailandia,Asia,1962,56.061,29263397,1002.199172
Tailandia,Asia,1967,58.285,34024249,1295.46066
Tailandia,Asia,1972,60.405,39276153,1524.358936
Tailandia,Asia,1977,62.494,44148285,1961.224635
Tailandia,Asia,1982,64.597,48827160,2393.219781
Tailandia,Asia,1987,66.084,52910342,2982.653773
Tailandia,Asia,1992,67.298,56667095,4616.896545
Tailandia,Asia,1997,67.521,60216677,5852.625497
Tailandia,Asia,2002,68.564,62806748,5913.187529
Tailandia,Asia,2007,70.616,65068149,7458.396327
Togo,África,1952,38.596,1219113,859.8086567
Togo,África,1957,41.208,1357445,925.9083202
Togo,África,1962,43.922,1528098,1067.53481
Togo,África,1967,46.769,1735550,1477.59676
Togo,África,1972,49.759,2056351,1649.660188
Togo,África,1977,52.887,2308582,1532.776998
Togo,África,1982,55.471,2644765,1344.577953
Togo,África,1987,56.941,3154264,1202.201361
Togo,África,1992,58.061,3747553,1034.298904
Togo,África,1997,58.39,4320890,982.2869243
Togo,África,2002,57.561,4977378,886.2205765
Togo,África,2007,58.42,5701579,882.9699438
Trinidad y Tobago,Américas,1952,59.1,662850,3023.271928
Trinidad y Tobago,Américas,1957,61.8,764900,4100.3934
Trinidad y Tobago,Américas,1962,64.9,887498,4997.523971
Trinidad y Tobago,Américas,1967,65.4,960155,5621.368472
Trinidad y Tobago,Américas,1972,65.9,975199,6619.551419
Trinidad y Tobago,Américas,1977,68.3,1039009,7899.554209
Trinidad y Tobago,Américas,1982,68.832,1116479,9119.528607
Trinidad y Tobago,Américas,1987,69.582,1191336,7388.597823
Trinidad y Tobago,Américas,1992,69.862,1183669,7370.990932
Trinidad y Tobago,Américas,1997,69.465,1138101,8792.573126
Trinidad y Tobago,Américas,2002,68.976,1101832,11460.60023
Trinidad y Tobago,Américas,2007,69.819,1056608,18008.50924
Túnez,África,1952,44.6,3647735,1468.475631
Túnez,África,1957,47.1,3950849,1395.232468
Túnez,África,1962,49.579,4286552,1660.30321
Túnez,África,1967,52.053,4786986,1932.360167
Túnez,África,1972,55.602,5303507,2753.285994
Túnez,África,1977,59.837,6005061,3120.876811
Túnez,África,1982,64.048,6734098,3560.233174
Túnez,África,1987,66.894,7724976,3810.419296
Túnez,África,1992,70.001,8523077,4332.720164
Túnez,África,1997,71.973,9231669,4876.798614
Túnez,África,2002,73.042,9770575,5722.895655
Túnez,África,2007,73.923,10276158,7092.923025
Turquía,Europa,1952,43.585,22235677,1969.10098
Turquía,Europa,1957,48.079,25670939,2218.754257
Turquía,Europa,1962,52.098,29788695,2322.869908
Turquía,Europa,1967,54.336,33411317,2826.356387
Turquía,Europa,1972,57.005,37492953,3450.69638
Turquía,Europa,1977,59.507,42404033,4269.122326
Turquía,Europa,1982,61.036,47328791,4241.356344
Turquía,Europa,1987,63.108,52881328,5089.043686
Turquía,Europa,1992,66.146,58179144,5678.348271
Turquía,Europa,1997,68.835,63047647,6601.429915
Turquía,Europa,2002,70.845,67308928,6508.085718
Turquía,Europa,2007,71.777,71158647,8458.276384
Uganda,África,1952,39.978,5824797,734.753484
Uganda,África,1957,42.571,6675501,774.3710692
Uganda,África,1962,45.344,7688797,767.2717398
Uganda,África,1967,48.051,8900294,908.9185217
Uganda,África,1972,51.016,10190285,950.735869
Uganda,África,1977,50.35,11457758,843.7331372
Uganda,África,1982,49.849,12939400,682.2662268
Uganda,África,1987,51.509,15283050,617.7244065
Uganda,África,1992,48.825,18252190,644.1707969
Uganda,África,1997,44.578,21210254,816.559081
Uganda,África,2002,47.813,24739869,927.7210018
Uganda,África,2007,51.542,29170398,1056.380121
Reino Unido,Europa,1952,69.18,50430000,9979.508487
Reino Unido,Europa,1957,70.42,51430000,11283.17795
Reino Unido,Europa,1962,70.76,53292000,12477.17707
Reino Unido,Europa,1967,71.36,54959000,14142.85089
Reino Unido,Europa,1972,72.01,56079000,15895.11641
Reino Unido,Europa,1977,72.76,56179000,17428.74846
Reino Unido,Europa,1982,74.04,56339704,18232.42452
Reino Unido,Europa,1987,75.007,56981620,21664.78767
Reino Unido,Europa,1992,76.42,57866349,22705.09254
Reino Unido,Europa,1997,77.218,58808266,26074.53136
Reino Unido,Europa,2002,78.471,59912431,29478.99919
Reino Unido,Europa,2007,79.425,60776238,33203.26128
Estados Unidos,Américas,1952,68.44,157553000,13990.48208
Estados Unidos,Américas,1957,69.49,171984000,14847.12712
Estados Unidos,Américas,1962,70.21,186538000,16173.14586
Estados Unidos,Américas,1967,70.76,198712000,19530.36557
Estados Unidos,Américas,1972,71.34,209896000,21806.03594
Estados Unidos,Américas,1977,73.38,220239000,24072.63213
Estados Unidos,Américas,1982,74.65,232187835,25009.55914
Estados Unidos,Américas,1987,75.02,242803533,29884.35041
Estados Unidos,Américas,1992,76.09,256894189,32003.93224
Estados Unidos,Américas,1997,76.81,272911760,35767.43303
Estados Unidos,Américas,2002,77.31,287675526,39097.09955
Estados Unidos,Américas,2007,78.242,301139947,42951.65309
Uruguay,Américas,1952,66.071,2252965,5716.766744
Uruguay,Américas,1957,67.044,2424959,6150.772969
Uruguay,Américas,1962,68.253,2598466,5603.357717
Uruguay,Américas,1967,68.468,2748579,5444.61962
Uruguay,Américas,1972,68.673,2829526,5703.408898
Uruguay,Américas,1977,69.481,2873520,6504.339663
Uruguay,Américas,1982,70.805,2953997,6920.223051
Uruguay,Américas,1987,71.918,3045153,7452.398969
Uruguay,Américas,1992,72.752,3149262,8137.004775
Uruguay,Américas,1997,74.223,3262838,9230.240708
Uruguay,Américas,2002,75.307,3363085,7727.002004
Uruguay,Américas,2007,76.384,3447496,10611.46299
Venezuela,Américas,1952,55.088,5439568,7689.799761
Venezuela,Américas,1957,57.907,6702668,9802.466526
Venezuela,Américas,1962,60.77,8143375,8422.974165
Venezuela,Américas,1967,63.479,9709552,9541.474188
Venezuela,Américas,1972,65.712,11515649,10505.25966
Venezuela,Américas,1977,67.456,13503563,13143.95095
Venezuela,Américas,1982,68.557,15620766,11152.41011
Venezuela,Américas,1987,70.19,17910182,9883.584648
Venezuela,Américas,1992,71.15,20265563,10733.92631
Venezuela,Américas,1997,72.146,22374398,10165.49518
Venezuela,Américas,2002,72.766,24287670,8605.047831
Venezuela,Américas,2007,73.747,26084662,11415.80569
Vietnam,Asia,1952,40.412,26246839,605.0664917
Vietnam,Asia,1957,42.887,28998543,676.2854478
Vietnam,Asia,1962,45.363,33796140,772.0491602
Vietnam,Asia,1967,47.838,39463910,637.1232887
Vietnam,Asia,1972,50.254,44655014,699.5016441
Vietnam,Asia,1977,55.764,50533506,713.5371196
Vietnam,Asia,1982,58.816,56142181,707.2357863
Vietnam,Asia,1987,62.82,62826491,820.7994449
Vietnam,Asia,1992,67.662,69940728,989.0231487
Vietnam,Asia,1997,70.672,76048996,1385.896769
Vietnam,Asia,2002,73.017,80908147,1764.456677
Vietnam,Asia,2007,74.249,85262356,2441.576404
Territorios Palestinos,Asia,1952,43.16,1030585,1515.592329
Territorios Palestinos,Asia,1957,45.671,1070439,1827.067742
Territorios Palestinos,Asia,1962,48.127,1133134,2198.956312
Territorios Palestinos,Asia,1967,51.631,1142636,2649.715007
Territorios Palestinos,Asia,1972,56.532,1089572,3133.409277
Territorios Palestinos,Asia,1977,60.765,1261091,3682.831494
Territorios Palestinos,Asia,1982,64.406,1425876,4336.032082
Territorios Palestinos,Asia,1987,67.046,1691210,5107.197384
Territorios Palestinos,Asia,1992,69.718,2104779,6017.654756
Territorios Palestinos,Asia,1997,71.096,2826046,7110.667619
Territorios Palestinos,Asia,2002,72.37,3389578,4515.487575
Territorios Palestinos,Asia,2007,73.422,4018332,3025.349798
Yemen,Asia,1952,32.548,4963829,781.7175761
Yemen,Asia,1957,33.97,5498090,804.8304547
Yemen,Asia,1962,35.18,6120081,825.6232006
Yemen,Asia,1967,36.984,6740785,862.4421463
Yemen,Asia,1972,39.848,7407075,1265.047031
Yemen,Asia,1977,44.175,8403990,1829.765177
Yemen,Asia,1982,49.113,9657618,1977.55701
Yemen,Asia,1987,52.922,11219340,1971.741538
Yemen,Asia,1992,55.599,13367997,1879.496673
Yemen,Asia,1997,58.02,15826497,2117.484526
Yemen,Asia,2002,60.308,18701257,2234.820827
Yemen,Asia,2007,62.698,22211743,2280.769906
Zambia,África,1952,42.038,2672000,1147.388831
Zambia,África,1957,44.077,3016000,1311.956766
Zambia,África,1962,46.023,3421000,1452.725766
Zambia,África,1967,47.768,3900000,1777.077318
Zambia,África,1972,50.107,4506497,1773.498265
Zambia,África,1977,51.386,5216550,1588.688299
Zambia,África,1982,51.821,6100407,1408.678565
Zambia,África,1987,50.821,7272406,1213.315116
Zambia,África,1992,46.1,8381163,1210.884633
Zambia,África,1997,40.238,9417789,1071.353818
Zambia,África,2002,39.193,10595811,1071.613938
Zambia,África,2007,42.384,11746035,1271.211593
Zimbabue,África,1952,48.451,3080907,406.8841148
Zimbabue,África,1957,50.469,3646340,518.7642681
Zimbabue,África,1962,52.358,4277736,527.2721818
Zimbabue,África,1967,53.995,4995432,569.7950712
Zimbabue,África,1972,55.635,5861135,799.3621758
Zimbabue,África,1977,57.674,6642107,685.5876821
Zimbabue,África,1982,60.363,7636524,788.8550411
Zimbabue,África,1987,62.351,9216418,706.1573059
Zimbabue,África,1992,60.377,10704340,693.4207856
Zimbabue,África,1997,46.809,11404948,792.4499603
Zimbabue,África,2002,39.989,11926563,672.0386227
Zimbabue,África,2007,43.487,12311143,469.7092981
